lat [deg],lon [deg],,
0.22105,-50.22159,,
0.04723,-50.67612,,
0.24366,-49.56293,,
0.19705,-50.70483,,
0.68691,-50.29487,,
0.24074,-50.66237,,
0.76259,-50.10762,,
0.18538,-50.71211,,
0.1239,-50.73624,,
0.26856,-50.61249,,
0.21563,9.53956,,
0.20708,9.55654,,
0.17017,9.66357,,
0.16583,9.6722,,
0.2155,9.53983,,
1.61732,101.81121,,
1.27384,102.17889,,
0.88688,102.38205,,
0.46443,103.14792,,
3.45634,117.52838,,
3.99989,117.57872,,
4.83103,-55.03943,,
4.86391,-54.88128,,
4.60774,-55.11763,,
4.7238,-55.15504,,
5.00738,-55.14724,,
4.95151,-53.03417,,
4.89195,-52.99627,,
6.27656,-7.1451,,
6.33522,-7.08823,,
6.28453,-7.09845,,
7.99991,-0.13775,,
6.69545,-0.38871,,
6.6572,-0.23437,,
7.73865,0.21658,,
5.38591,5.50032,,
5.41437,5.50111,,
7.51905,0.08573,,
6.50571,3.45024,,
7.76523,0.00012,,
7.22255,5.95566,,
7.78287,0.1815,,
6.84889,0.14912,,
7.41092,0.21488,,
7.61282,0.0449,,
6.67025,0.193,,
7.69215,5.9667,,
6.97611,0.16436,,
6.53605,0.0008,,
7.19862,0.20534,,
7.14288,0.17664,,
6.98886,0.16713,,
6.55897,0.02722,,
4.49782,6.99499,,
4.8286,8.28259,,
4.44203,7.13135,,
4.68321,8.52726,,
4.7478,8.35206,,
6.4818,12.72073,,
6.45757,12.76056,,
8.39395,-78.2982,,
8.58065,-13.02423,,
11.89792,-15.21644,,
8.13748,-0.45991,,
8.53563,-0.86986,,
8.35538,-0.73893,,
8.19459,-0.55506,,
8.44,-2.35265,,
8.40954,-2.31237,,
9.99347,6.8756,,
10.06331,6.89922,,
9.95786,6.8612,,
8.93264,13.85771,,
8.7822,13.99822,,
8.88072,13.91379,,
8.97423,13.71555,,
8.93278,13.85784,,
11.80239,34.41132,,
11.97485,37.11888,,
11.45891,106.37604,,
9.49218,125.51919,,
12.3843,-86.60981,,
12.02159,-83.73739,,
12.77336,-83.5775,,
12.49932,-83.68978,,
13.23005,-10.26001,,
13.1759,-10.3483,,
12.98449,14.38944,,
12.97335,14.38117,,
15.82941,94.83067,,
15.9141,95.08748,,
15.92303,95.08855,,
15.89867,95.08466,,
14.71613,99.04413,,
15.02594,98.52482,,
15.19419,105.42854,,
18.32437,-96.53604,,
18.243,-96.50798,,
16.09206,-92.5139,,
17.15738,-93.64627,,
18.83573,32.05872,,
18.87654,32.11545,,
16.57382,79.31443,,
16.08254,78.00011,,
16.00392,78.31245,,
19.00821,78.19267,,
19.89055,85.58758,,
19.57849,85.18399,,
19.72733,85.37321,,
19.7765,85.49525,,
17.94696,100.49069,,
18.74046,102.51931,,
16.67321,103.45757,,
18.60156,102.58924,,
16.76396,102.57651,,
18.56706,102.66843,,
18.55261,102.61791,,
24,-98.74506,,
23.11179,32.79516,,
23.56016,32.71907,,
22.71533,32.07262,,
22.66432,31.99471,,
22.75211,32.15652,,
22.2841,31.59185,,
22.12348,31.39264,,
23.39064,32.95459,,
23.25092,32.69597,,
23.68097,32.89226,,
22.43184,31.76495,,
23.09679,32.72737,,
23.73111,32.91753,,
22.61618,31.9253,,
23.3745,32.91365,,
22.59803,31.92603,,
23.70185,32.92947,,
23.29239,32.91297,,
22.46243,31.7606,,
23.12992,32.77096,,
23.83423,68.45631,,
23.85115,68.49042,,
23.73396,68.53414,,
22.34485,76.78804,,
22.05533,76.64821,,
22.32781,76.78506,,
22.25442,76.65402,,
22.22459,76.62937,,
22.93279,79.9414,,
21.71445,83.95516,,
21.72952,83.53664,,
21.92186,88.69095,,
21.93064,89.52654,,
22.0572,89.82832,,
21.87996,89.511,,
21.98233,90.33364,,
23.49607,95.40395,,
22.67114,92.1941,,
23.22466,90.62912,,
22.99944,92.21998,,
22.90075,90.61214,,
23.06598,90.57762,,
21.97227,90.74705,,
20.00965,93.18566,,
22.80174,90.71232,,
21.9056,104.92255,,
21.93728,104.86908,,
21.64517,108.40391,,
21.85626,108.57013,,
21.81078,108.53566,,
21.75428,108.54315,,
23.80619,114.58086,,
24.76512,75.49208,,
24.13695,82.894,,
24.15814,82.9104,,
25.33535,89.66891,,
25.7087,89.75518,,
25.56771,89.73791,,
25.50597,89.72428,,
25.96904,89.99994,,
25.86104,89.85684,,
25.89961,89.89084,,
25.99874,90.03191,,
27.28377,94.66237,,
27.77488,95.37168,,
27.53498,94.89971,,
27.72708,95.30889,,
27.6099,95.12895,,
25.97742,90.00005,,
25.97305,90.00695,,
27.54889,94.93154,,
26.22411,90.47265,,
26.14551,90.31057,,
26.08625,90.11588,,
27.56077,94.97276,,
26.13193,90.29394,,
31.8701,-93.90522,,
31.42662,-93.7147,,
31.24346,-94.34589,,
31.63889,-93.7951,,
31.50524,-93.74042,,
31.52766,-93.74818,,
29.35184,-94.82768,,
31.25652,-93.63465,,
31.26379,-93.64257,,
29.9558,-93.78198,,
31.29811,-93.65289,,
29.94703,-93.80088,,
29.79597,-94.73173,,
29.40868,-94.82823,,
29.45926,-94.81119,,
29.57473,-94.87782,,
30.69648,-88.01515,,
30.63422,-87.98053,,
30.67786,-87.93556,,
30.00048,48.18753,,
30.92579,85.75669,,
31.81224,88.68451,,
31.8068,89.19251,,
31.82723,88.96893,,
31.80823,89.08355,,
31.82821,88.97592,,
31.80299,89.08913,,
30.80977,90.77362,,
30.91958,90.92488,,
30.64262,90.4268,,
29.29897,112.92066,,
29.22556,116.39077,,
29.17957,115.97608,,
29.1713,116.53085,,
29.07306,116.43806,,
29.60117,118.96756,,
29.27704,115.34147,,
29.55362,118.92515,,
29.77401,116.21819,,
29.2088,116.61648,,
29.15423,116.49175,,
31.54926,117.9028,,
31.58184,117.40893,,
31.56351,117.42845,,
29.11295,116.45927,,
29.16453,115.97345,,
29.17944,115.97577,,
31.63745,117.36741,,
31.42027,121.53782,,
31.96256,120.04303,,
31.52596,121.44581,,
31.74885,121.13555,,
31.52568,121.44566,,
31.45259,120.0109,,
31.56902,121.35122,,
31.06926,120.49286,,
31.2881,120.03359,,
31.24721,120.05549,,
34.2008,-83.99985,,
33.40237,-79.85544,,
35.10022,-77.02624,,
35.36517,-76.61021,,
35.37517,-76.6606,,
35.02806,-76.59666,,
35.04843,-76.54871,,
35.99988,38.15235,,
33.51792,79.78679,,
33.42982,89.89634,,
33.72816,90.30832,,
35.80454,90.35834,,
33.46515,90.3657,,
34.9587,116.87919,,
35.14897,116.64852,,
35.26923,116.61056,,
34.15343,118.14516,,
35.10599,116.65957,,
32.0198,120.69657,,
35.34724,136.22432,,
37.05446,-111.2963,,
38.38703,-77.10944,,
37.16843,-76.63889,,
36.95511,-76.37048,,
37.04651,-76.55699,,
38.16366,-76.58097,,
38.18102,-76.6072,,
38.19445,-76.71781,,
38.2171,-76.84684,,
38.19638,-76.69695,,
38.19651,-76.6973,,
38.08362,-76.47885,,
38.06545,-76.46104,,
38.05525,-76.43349,,
38.77843,-9.03149,,
38.82548,-9.01164,,
38.97443,21.0299,,
39.07243,20.81544,,
38.99355,20.86432,,
37.63395,38.757,,
38.65568,39.50661,,
38.89247,38.88769,,
37.55875,89.09135,,
36.03735,140.39635,,
36.02188,140.41145,,
43.99994,-88.42036,,
43.15193,-74.16508,,
42.26696,19.13021,,
42.19059,19.29142,,
40.83096,47.02956,,
40.96349,46.63079,,
40.96335,46.63114,,
41.13665,68.03572,,
40.60265,67.49313,,
40.72296,67.37764,,
40.81159,67.32018,,
40.97871,66.00004,,
40.97588,66.55015,,
40.99453,66.31408,,
40.81991,67.25274,,
40.95263,66.59449,,
40.9411,66.73888,,
43.80874,77.99992,,
41.931,86.86189,,
47.85657,-114.11995,,
47.99986,-114.12886,,
44.46393,-110.53053,,
44.42238,-110.34582,,
47.61555,-102.26537,,
47.80349,-102.31321,,
47.94563,-106.45039,,
47.94563,-106.44999,,
47.52717,-101.73335,,
47.55313,-101.41249,,
47.60448,-101.25719,,
47.54029,-101.99988,,
44.11113,-90.00004,,
47.6504,-78.05919,,
45.39197,-73.81713,,
44.81621,-73.33989,,
46.13831,-72.97918,,
44.93223,-73.24245,,
45.41739,-73.75698,,
46.1489,-72.95976,,
44.48176,-73.33299,,
46.26276,-72.6659,,
44.51466,-73.3296,,
44.57185,-73.36235,,
47.01209,-70.70891,,
45.63817,-69.65349,,
45.99943,-66.00866,,
47.44845,-70.03513,,
47.33865,-70.35227,,
45.47572,-1.15769,,
46.98978,7.02825,,
45.86306,10.85989,,
46.99302,33.6762,,
47.32433,33.99862,,
46.26039,30.30092,,
46.38143,30.23098,,
46.27764,30.23212,,
47.99997,35.13796,,
47.48543,34.03532,,
46.25575,38.28881,,
46.50956,42.43995,,
46.48007,42.51071,,
47.93173,42.40164,,
46.4275,42.53907,,
46.3855,42.56983,,
46.41302,42.54362,,
47.72107,42.38553,,
47.8992,42.92532,,
47.99992,42.93044,,
47.78791,84.35735,,
47.98115,93.22728,,
48.28431,-116.5245,,
48.16525,-116.32871,,
48.02601,-114.14854,,
49.44319,-94.22382,,
48.63236,-93.0644,,
49.67492,-94.72737,,
48.64197,-93.24482,,
49.66896,-94.42114,,
48.83439,-93.3496,,
49.29021,-94.71058,,
48.73528,-93.27547,,
49.52489,-94.57491,,
48.63222,-93.06399,,
49.16294,-94.42348,,
49.4022,-94.85093,,
49.29021,-94.71017,,
49.66407,-94.44553,,
49.2618,-94.82093,,
48.77089,-93.27791,,
49.35481,-94.89419,,
49.14634,-94.43452,,
49.5478,-94.52712,,
49.01053,-94.66036,,
49.61165,-94.51478,,
49.16267,-94.42367,,
49.08083,-94.98563,,
49.08251,-94.96598,,
49.08442,-94.93318,,
49.07895,-95.00076,,
49.08324,-94.95491,,
49.08349,-94.94794,,
49.08287,-94.96065,,
48.47084,-80.97714,,
50.90857,-76.79951,,
49.84988,-77.65053,,
50.31798,-69.24721,,
50.67536,-70.76128,,
51.66097,-68.57849,,
50.10588,-69.05859,,
51.19558,-68.98268,,
51.56433,-69.04833,,
51.79258,-70.06494,,
51.20833,-68.37091,,
50.72222,-70.83742,,
51.59318,-69.0724,,
51.30616,-68.285,,
50.68348,-70.84695,,
51.59314,-68.37167,,
51.72259,-70.07849,,
51.70065,-70.11704,,
50.71051,-70.84397,,
50.12205,-69.08694,,
51.32162,-68.29746,,
51.5704,3.9425,,
51.5997,3.68603,,
51.58772,3.93658,,
49.57969,32.68038,,
51.17155,30.49305,,
51.01906,30.49102,,
49.53409,32.0117,,
49.25261,32.78783,,
50.23927,45.67073,,
49.5307,45.11581,,
51.78278,46.49405,,
49.10302,44.93191,,
51.53603,46.13774,,
50.86599,46.07168,,
48.37636,43.19284,,
50.32012,81.30945,,
48.54305,83.4548,,
48.61947,83.47845,,
48.21902,83.03938,,
48.00203,83.92978,,
49.18655,84.47219,,
49.15754,84.26544,,
48.32172,92.5311,,
48.15628,92.3414,,
55.97509,-123.9144,,
55.99987,-123.95153,,
55.9837,-123.91677,,
52.13498,-118.43691,,
55.44269,-107.81543,,
55.44099,-107.83666,,
54.53978,-102.23986,,
55.82624,-100.45207,,
55.07406,-97.61821,,
54.54591,-101.85628,,
55.15868,-97.43635,,
55.70487,-98.93659,,
54.54492,-101.63864,,
54.22663,-97.21084,,
55.07406,-97.61868,,
53.87399,-98.04436,,
54.34565,-97.9843,,
54.21741,-96.73497,,
54.01768,-98.27047,,
55.10424,-97.59296,,
54.98613,-97.79214,,
53.87617,-98.04773,,
54.78352,-93.22538,,
54.74793,-93.28671,,
53.06784,-92.59309,,
54.64071,-94.52201,,
54.97118,-95.24227,,
53.02016,-93.1575,,
54.79693,-93.70096,,
54.70912,-94.24517,,
54.72148,-94.20922,,
52.65416,-76.48536,,
52.6543,-76.48492,,
53.24028,-76.74116,,
53.27592,-76.71966,,
52.44429,-76.37522,,
52.6298,-64.51291,,
52.74673,-64.60541,,
54.07674,-58.3032,,
53.54503,-59.99985,,
53.99505,-58.8558,,
53.64937,-59.87021,,
53.66567,-59.8259,,
53.62288,-59.94487,,
55.99996,-3.40324,,
53.59669,2.00E-05,,
53.76712,14.43442,,
53.857,13.81767,,
53.77423,14.32462,,
52.2346,47.99989,,
53.4629,49.09857,,
55.77203,49.0322,,
52.64683,48.31058,,
55.4024,50.12421,,
55.20416,49.44054,,
55.41403,49.4074,,
53.87562,49.02033,,
54.65119,48.87584,,
54.79077,48.9159,,
55.25223,49.54509,,
55.26968,49.57302,,
55.28058,49.58302,,
54.77719,83.08931,,
55.1366,91.82226,,
55.36211,92.31678,,
55.8696,101.80365,,
54.36273,103.17799,,
53.60858,103.38589,,
53.73833,103.29995,,
53.50816,140.22707,,
53.51048,139.93207,,
52.12893,139.83305,,
56.77837,-124.83923,,
56.17585,-124.1765,,
56.06388,-124.06925,,
59.75722,-118.76597,,
59.29492,-106.85627,,
59.34258,-107.47459,,
57.68343,-106.25185,,
59.36706,-107.79057,,
59.23336,-104.91282,,
59.21954,-105.24708,,
57.46651,-106.7276,,
59.21968,-105.24656,,
57.62459,-106.26062,,
57.54796,-106.34745,,
59.34688,-107.97206,,
58.54579,-98.228,,
56.13026,-96.47266,,
56.26291,-100.52379,,
56.20718,-99.55043,,
56.79295,-99.38709,,
58.61884,-98.38341,,
57.00676,-98.75756,,
56.7225,-99.61333,,
56.71822,-99.02508,,
56.17883,-96.17504,,
56.71674,-99.00547,,
57.58332,-98.28763,,
58.63842,-98.36601,,
56.86067,-99.17425,,
58.62908,-98.38349,,
56.84176,-99.27596,,
57.42797,-98.4223,,
57.32369,-98.31683,,
57.37574,-98.37498,,
56.38829,-94.87579,,
59.49832,-74.53329,,
57.14115,-75.38873,,
59.49832,-74.53276,,
57.21582,-74.90422,,
57.2233,-74.83539,,
58.93788,-69.15698,,
58.99448,-69.39609,,
58.936,-69.76054,,
58.90807,-69.36985,,
58.93787,-69.1575,,
58.78171,-69.81113,,
58.77649,-69.76275,,
58.29154,31.32527,,
58.42488,31.29993,,
57.91829,40.71388,,
59.59916,39.54915,,
59.61181,39.61262,,
59.66705,38.51879,,
59.67085,38.52885,,
56.28764,46.72455,,
57.01579,43.16512,,
56.91633,43.24048,,
56.35932,46.65737,,
57.36388,43.19043,,
57.37294,43.22117,,
57.30546,55.51477,,
58.77897,56.27118,,
58.86017,56.28794,,
58.90583,56.21643,,
56.97212,101.33629,,
56.10027,101.99983,,
57.66423,102.56864,,
56.13159,102.89535,,
56.28866,102.52507,,
57.30326,103.0572,,
57.19488,103.3067,,
56.16135,102.81617,,
56.15726,102.85167,,
56.18009,102.75613,,
56.19331,102.6335,,
57.86586,102.71262,,
56.19073,102.66074,,
56.20886,102.51885,,
56.20873,102.51934,,
57.33344,102.32907,,
56.18356,102.34594,,
56.1837,102.34642,,
56.50485,163.07824,,
56.40458,162.81101,,
60.6397,-162.08376,,
60.28668,-162.4969,,
60.25068,-162.48826,,
61.94086,-146.40471,,
61.31505,-138.77736,,
63.99997,-123.09302,,
60.50893,-121.27377,,
63.07011,-115.72953,,
61.10026,-116.98896,,
63.31114,-117.91726,,
63.25252,-117.76662,,
60.19784,-115.43301,,
61.10869,-117.12254,,
63.19708,-117.59163,,
63.41316,-118.21132,,
60.31974,-115.15937,,
63.41316,-118.21072,,
64,-107.48371,,
63.28505,-107.726,,
63.9996,-107.48306,,
64,-99.87934,,
63.32606,-97.32466,,
61.32026,-97.28564,,
63.97793,-97.72345,,
63.91984,-98.90164,,
63.43246,-97.30342,,
61.6701,-97.43603,,
63.73512,-98.86521,,
63.44457,-97.303,,
61.77219,-97.69356,,
61.47143,-97.4232,,
63.90258,-98.36198,,
63.98055,-97.73068,,
63.98729,-98.47255,,
63.9999,-98.46802,,
61.57412,-97.40471,,
61.55621,-97.41664,,
63.96721,-93.69299,,
63.5748,-91.23754,,
63.97806,-93.47201,,
60.03038,10.20827,,
60.99842,14.56201,,
60.87069,14.74993,,
63.27252,14.17336,,
63.2064,14.29693,,
63.52742,34.47477,,
63.77827,34.43398,,
62.94746,30.75682,,
63.56648,34.73838,,
63.74673,34.464,,
63.73207,34.50152,,
63.64988,34.67774,,
63.61323,34.67921,,
63.33703,33.7495,,
63.53776,34.7303,,
63.29966,33.683,,
63.32129,33.72124,,
63.29837,33.6716,,
62.28443,36.89078,,
60.53957,39.11583,,
62.36451,36.93155,,
60.63658,39.0479,,
63.04815,112.20988,,
62.89943,111.06099,,
63.07714,111.20092,,
62.92814,111.77477,,
62.62032,111.28348,,
62.8501,112.19201,,
62.6257,111.28792,,
62.73417,111.30951,,
63.86033,127.48045,,
63.51831,128.99598,,
63.99999,127.22099,,
63.44866,129.45676,,
63.51831,128.99538,,
63.8449,127.53802,,
63.47796,129.38135,,
63.44879,129.45736,,
62.57089,176.70366,,
65.50454,-171.77143,,
65.6428,-172.43533,,
64.58574,-110.03966,,
65.48222,-110.41442,,
65.72044,-110.88111,,
64.5509,-110.9732,,
65.83963,-111.16892,,
65.55165,-110.48302,,
65.72194,-110.91707,,
64.48229,-110.34664,,
64.61016,-100.47504,,
65.26063,-99.63292,,
65.91128,-100.30573,,
64.748,-97.56368,,
66.11041,-100.33023,,
64.65346,-99.84831,,
65.89902,-99.6855,,
64.03353,-99.83097,,
64.55242,-98.44758,,
65.8882,-99.83264,,
64.15423,-94.80489,,
64.15436,-94.80551,,
64.1728,-95.63718,,
65.77339,-67.80173,,
66.47592,-66.94409,,
65.69856,-67.73626,,
66.03714,-64.93325,,
67.38026,16.53914,,
64.35993,27.73714,,
64.48263,27.0957,,
64.3099,27.57888,,
64.39174,27.13768,,
64.29647,27.21842,,
67.88423,33.19482,,
67.50672,31.86253,,
67.50923,32.44505,,
66.24631,30.76394,,
67.56313,32.85936,,
66.14926,30.93016,,
65.99359,31.05087,,
65.77123,31.60995,,
65.6849,32.01947,,
65.73025,31.88103,,
65.63927,32.13005,,
65.75449,31.77783,,
65.74052,31.83346,,
66.78514,69.75558,,
66.78879,69.1121,,
66.6021,69.3966,,
67.01726,89.39988,,
67.68162,87.50427,,
67.68148,87.50356,,
67.81423,87.5623,,
67.05766,123.42128,,
67.2102,123.32712,,
67.27734,123.25357,,
66.58965,123.58892,,
64.71357,125.31602,,
66.33879,123.77865,,
64.95725,124.85859,,
66.39303,123.74945,,
67.2307,123.30205,,
66.27343,123.8224,,
66.13325,123.90856,,
64.95615,124.8601,,
66.30488,123.83012,,
66.24103,123.84136,,
64.37618,126.44629,,
64.18637,126.79986,,
64.45147,126.00019,,
68.94423,-134.81606,,
69.46107,-104.36112,,
69.43234,-106.06527,,
69.43223,-105.81274,,
70.9355,-80.69812,,
68.79134,-68.89015,,
70.30012,-68.27368,,
68.04634,26.70542,,
68.57543,31.12999,,
68.65355,30.8102,,
68.60744,31.30648,,
69.2268,64.84376,,
70.69234,82.39989,,
70.96674,82.76682,,
70.93958,83.01637,,
70.27262,82.53058,,
70.9666,82.76763,,
70.52913,83.20502,,
70.31892,82.69331,,
70.9764,78.32028,,
70.80118,83.36183,,
71.15869,78.01913,,
70.64101,83.36291,,
71.16094,78.00023,,
68.44264,89.00591,,
70.13871,88.27852,,
69.55354,89.99981,,
69.73138,84.00028,,
68.83091,89.63758,,
69.55307,89.97222,,
69.53833,87.87688,,
69.7836,87.75326,,
69.35013,89.18601,,
68.21434,87.97413,,
68.28186,88.32758,,
68.24376,88.04792,,
69.56261,90.19803,,
68.39057,91.43657,,
69.5626,90.19726,,
68.27838,90.00025,,
68.32084,90.90701,,
68.76363,90.0003,,
68.33079,90.96073,,
68.03327,123.22159,,
71.40941,137.55477,,
71.31117,137.90663,,
71.36416,137.72979,,
71.34175,137.7527,,
69.50354,161.14482,,
75.1362,100.21576,,
74.40496,99.63817,,
74.40509,99.63918,,
72.55461,104.47044,,
72.88272,105.81763,,
72.76787,105.13095,,
73.34971,113.68202,,
73.08618,119.54526,,
72.91035,122.16523,,
72.92502,122.07299,,
73.27875,128.66775,,
73.27861,128.66682,,
72.04386,128.58092,,
72.05491,128.91131,,
-3.915,-73.20507,,
-3.31881,-60.24266,,
-0.31371,-64.04566,,
-0.53902,-63.44989,,
-3.51253,-64.94633,,
-1.33842,-61.9601,,
-3.52159,-63.25516,,
-0.72496,-63.01663,,
-1.61791,-61.50009,,
-0.49261,-63.51513,,
-0.94888,-62.81696,,
-0.31357,-64.04539,,
-1.64205,-61.4843,,
-0.78983,-62.9623,,
-0.86691,-62.91363,,
-3.04681,-60.42327,,
-3.07947,-60.15188,,
-1.23794,-62.15104,,
-1.37733,-60.12122,,
-2.89693,-60.57086,,
-1.30451,-62.00325,,
-3.07436,-60.167,,
-1.40655,-60.07863,,
-1.49214,-60.0299,,
-1.48429,-60.03813,,
-2.81583,-57.95756,,
-2.17195,-54.83344,,
-2.93535,-58.11988,,
-2.03507,-55.36127,,
-2.38114,-54.87869,,
-2.40447,-54.27773,,
-2.61819,-58.05536,,
-1.90155,-55.62054,,
-2.50379,-57.29567,,
-1.9998,-56.04175,,
-2.33917,-54.09325,,
-2.0627,-54.00008,,
-3.35026,-58.76529,,
-2.21517,-54.89673,,
-2.16292,-54.9661,,
-2.85898,-58.23504,,
-2.87013,-58.21981,,
-2.97577,-58.26162,,
-2.82988,-55.11466,,
-2.381,-54.87896,,
-3.84867,-49.64008,,
-1.79215,-50.68136,,
-1.70815,-52.28233,,
-3.863,-49.61237,,
-0.48515,-51.35175,,
-0.339,-50.93386,,
-1.79919,-51.38509,,
-0.52574,-50.77964,,
-0.5465,-50.87292,,
-0.56317,-51.5146,,
-1.56545,-52.62222,,
-1.88688,-50.73151,,
-1.91622,-49.20554,,
-1.23424,-51.42301,,
-1.55994,-52.55778,,
-2.01171,-49.33379,,
-0.849,-51.18124,,
-1.19709,-51.86522,,
-1.64034,-52.92044,,
-1.76108,-53.02623,,
-0.70949,-51.14214,,
-1.0645,-51.24124,,
-1.60801,-49.32742,,
-0.4994,-51.42077,,
-3.84015,-49.75004,,
-1.20589,-51.38525,,
-0.48502,-51.35148,,
-1.79408,-50.29916,,
-1.6993,-49.48291,,
-1.77764,-51.23889,,
-1.85145,-53.51364,,
-0.59509,-51.07405,,
-2.13287,-52.20483,,
-1.79058,-50.06155,,
-1.69916,-49.48264,,
-0.60119,-51.08713,,
-2.03883,-53.9821,,
-1.83789,-50.25518,,
-2.04874,-52.21852,,
-1.83972,-49.87436,,
-1.79357,-50.07153,,
-0.52546,-50.77991,,
-1.81572,-50.1349,,
-1.82188,-52.22739,,
-1.79058,-50.06182,,
-1.82988,-50.24089,,
-1.83001,-50.24116,,
-2.6595,-44.45136,,
-2.72957,-44.57549,,
-2.79601,-44.44334,,
-2.27923,-44.37719,,
-2.59219,-44.45355,,
-2.47709,-44.38574,,
-2.41082,-44.30266,,
-2.64783,-44.45785,,
-2.63128,-44.46662,,
-2.64186,-44.46109,,
-1.39871,9.10432,,
-0.46045,17.69789,,
-0.56428,17.70575,,
-0.55356,17.72971,,
-2.04521,16.33629,,
-1.61409,16.65007,,
-1.22896,16.86233,,
-1.22625,16.86987,,
-1.71694,16.61336,,
-2.02892,16.34733,,
-0.89135,18.08552,,
-1.99683,18.63722,,
-1.60946,18.12325,,
-2.22769,18.36678,,
-0.7959,18.02851,,
-0.7032,18.02682,,
-1.76657,18.22431,,
-2.07474,18.34562,,
-0.70293,18.02669,,
-2.37002,104.90646,,
-0.57362,109.1654,,
-0.92448,109.36604,,
-0.61016,109.33894,,
-2.65048,121.65846,,
-2.73823,121.52669,,
-3.46005,133.59103,,
-2.99337,133.82878,,
-6.39522,-80.30735,,
-6.36909,-80.35404,,
-4.09186,-63.36236,,
-4.05936,-63.12207,,
-4.09172,-63.36263,,
-4.12891,-49.7265,,
-4.29285,-49.46069,,
-4.5059,-49.49593,,
-4.2293,-49.72296,,
-4.25239,-49.73711,,
-4.26134,-49.7375,,
-4.4443,-49.48701,,
-4.142,-49.60501,,
-4.39333,-49.50562,,
-4.26703,-49.5729,,
-4.00013,-49.61998,,
-4.32308,-49.51684,,
-4.12925,-49.60463,,
-4.06933,-49.62743,,
-6.83935,141.41877,,
-7.69891,143.84339,,
-7.00562,141.50407,,
-6.98688,141.51559,,
-7.35996,138.67224,,
-7.69838,144.34959,,
-10.36509,-48.4017,,
-10.06095,-48.36766,,
-9.42871,-41.12671,,
-9.38894,-40.97068,,
-9.37632,-40.9231,,
-8.3443,26.54112,,
-8.26481,26.3583,,
-8.39954,143.13906,,
-8.27895,143.5184,,
-8.16867,143.61647,,
-8.38079,142.93485,,
-8.4619,143.4191,,
-8.39926,143.13906,,
-8.44272,143.36261,,
-15.7591,25.96615,,
-15.62256,30.64858,,
-15.70536,31.00216,,
-15.73172,31.05452,,
-15.62692,31.27848,,
-15.63544,32.45571,,
-15.04406,129.21347,,
-18.97566,-50.49504,,
-18.29935,-48.9059,,
-19.89483,-50.05644,,
-19.84966,-50.10112,,
-19.84979,-50.10083,,
-18.31236,-45.29728,,
-17.6964,27.2168,,
-16.85341,27.82072,,
-16.8667,27.88498,,
-17.41666,27.46885,,
-16.51452,28.68805,,
-16.58074,28.21152,,
-16.94493,27.71124,,
45.591934,47.717708,,
65.138384,-123.505546,,
61.311727,-117.617115,,
53.696359,-97.863542,,
46.468593,-84.460547,,
45.822916,-84.75391,,
44.480557,-75.794246,,
42.999403,-82.422576,,
42.904334,-78.908084,,
59.95278,31.032851,,
52.234393,104.321875,,
46.385417,74.602083,,
44.90625,59.714583,,
41.056625,52.912913,,
13.077083,14.527083,,
0.430999,33.193791,,
-5.91118,29.185417,,
-14.417702,35.236458,,
66.577083,-161.21875,,
66.56381,-71.413041,,
66.21204,-113.658891,,
66.044988,-111.239858,,
65.407803,-71.735126,,
64.719664,-97.924161,,
64.05625,-94.186458,,
63.570114,-100.699367,,
63.098255,-117.132493,,
63.058808,-97.609375,,
60.826818,-98.96529,,
60.575531,-102.145569,,
59.331889,-155.884538,,
58.811965,-102.757556,,
58.704508,-111.200512,,
58.628837,-111.703703,,
58.038697,-156.842235,,
57.706249,-106.302082,,
57.361625,-98.132949,,
56.234185,-103.149606,,
56.17652,-74.844792,,
56.018963,-122.197841,,
55.316887,-104.557901,,
55.306762,-114.773391,,
54.850824,-69.780208,,
54.836064,-94.083446,,
54.182208,-72.547917,,
53.784788,-77.451463,,
53.729265,-75.963448,,
53.698476,-100.277095,,
53.648792,-64.261491,,
53.521981,-60.137798,,
53.160069,-99.289952,,
51.885752,-99.653845,,
51.587865,-98.728778,,
51.248214,-73.792606,,
50.649075,-68.728125,,
50.63859,-93.200208,,
49.764368,-94.518399,,
49.307873,-88.309371,,
48.578105,-71.635571,,
48.35383,-74.099187,,
47.956032,-95.272214,,
47.50613,-101.432292,,
45.860445,-61.093699,,
45.054564,-73.334878,,
44.456316,-100.39797,,
42.347969,-82.943052,,
41.410417,-112.83125,,
30.177666,-89.740278,,
26.941122,-81.100806,,
20.313637,-102.79375,,
12.202589,-86.107292,,
11.122437,-84.781903,,
7.764054,-62.997917,,
4.98429,-54.999153,,
-1.914499,-59.477151,,
-3.832791,-49.647234,,
-9.42266,-40.824117,,
-16.558623,-69.029021,,
-19.1593,-67.015625,,
-20.37291,-51.377077,,
-22.471582,-52.958685,,
-25.405427,-54.594792,,
-27.393989,-56.626364,,
-29.964583,-64.727083,,
-30.84375,-62.252083,,
-32.14898,-52.628161,,
-46.839729,-72.801544,,
-48.366105,-72.958093,,
-49.776648,-72.081201,,
-50.230352,-71.977997,,
75.220969,100.089583,,
68.881285,28.281226,,
68.12483,87.761458,,
67.411458,32.555208,,
63.868409,34.380735,,
63.034291,112.477083,,
62.305267,27.912,,
61.283832,25.596449,,
61.227083,28.78125,,
60.919873,34.161458,,
60.043396,38.101519,,
59.321843,18.070995,,
58.985292,27.73114,,
58.532267,15.039006,,
58.368979,12.368581,,
58.115984,56.339502,,
58.102088,38.702039,,
57.976665,102.668786,,
56.665099,43.385169,,
56.284112,101.785413,,
56.139583,47.463401,,
55.93397,92.29324,,
54.842791,83.001042,,
54.797917,76.885417,,
53.770578,127.306854,,
53.458111,49.496391,,
52.614583,5.647917,,
52.053704,47.757833,,
50.423719,100.152026,,
50.410417,68.89375,,
50.277083,92.710417,,
49.655849,83.34758,,
49.366475,117.712696,,
49.114583,93.402083,,
49.081155,33.247337,,
48.827083,44.68125,,
48.321905,92.529583,,
47.61046,42.110453,,
46.78125,33.372917,,
46.335417,60.952083,,
46.152083,81.672917,,
46.147371,34.80493,,
45.400347,54.024442,,
45.053456,132.842228,,
43.92173,77.103595,,
42.485417,77.427083,,
41.889583,57.452083,,
40.868651,67.796971,,
40.552472,44.990916,,
38.710417,33.427083,,
38.64375,42.947917,,
37.70625,45.372917,,
36.922917,100.197917,,
33.689627,43.460376,,
33.08953,118.726991,,
32.697244,43.892708,,
31.777083,89.047917,,
31.110144,120.543741,,
30.714583,90.65625,,
29.847917,62.20625,,
29.751804,116.221063,,
23.96728,32.886458,,
12.533721,104.397128,,
11.573725,37.407008,,
9.866081,4.612749,,
6.302627,0.060347,,
6.297917,37.864583,,
3.372917,36.14375,,
2.761442,31.410473,,
2.433957,99.147011,,
1.613382,32.349026,,
-0.140928,29.602017,,
-2.48862,28.892849,,
-2.715432,18.177779,,
-3.59375,35.114583,,
-7.914583,32.202083,,
-8.491502,28.878979,,
-8.944101,29.444653,,
-11.430955,29.8145,,
-15.297917,35.714583,,
-15.586301,32.704318,,
-16.522917,28.760417,,
-20.938467,25.633917,,
-20.939583,25.952083,,
-28.427083,137.20625,,
-30.747917,139.727083,,
-31.252083,137.860417,,
-31.685417,136.08125,,
81.797917,-70.439583,,
81.734437,-45.585532,,
81.054358,-18.552227,,
76.970326,-20.228125,,
72.71264,-94.383025,,
72.680175,-98.777149,,
72.002083,-25.84375,,
71.156087,-105.831294,,
71.128995,-79.346118,,
70.881479,-80.693773,,
70.877428,-112.215625,,
70.840713,-108.372762,,
70.81453,-79.202167,,
70.584161,-79.849775,,
70.54812,-152.902166,,
70.487004,-72.865598,,
70.485899,-69.682132,,
70.467416,-73.436694,,
70.266809,-79.684615,,
70.25625,-106.492381,,
70.011628,-107.176042,,
69.977902,-108.44398,,
69.928615,-112.3036,,
69.778851,-103.321893,,
69.759528,-108.664583,,
69.738483,-104.190366,,
69.693633,-93.581408,,
69.540729,-131.135417,,
69.523261,-106.916411,,
69.437192,-106.155132,,
69.42952,-75.792208,,
69.423537,-92.943832,,
69.385218,-93.339229,,
69.254556,-108.241357,,
69.204614,-132.466129,,
69.194027,-105.681181,,
69.10456,-109.953125,,
69.100854,-92.709352,,
68.855434,-81.989595,,
68.709984,-119.697891,,
68.666939,-132.84715,,
68.173458,-116.589878,,
67.627184,-131.847968,,
67.553294,-126.869792,,
67.537745,-122.281554,,
67.453221,-124.678125,,
67.42568,-113.183579,,
67.414583,-98.327468,,
67.274573,-126.235809,,
67.238481,-125.72769,,
67.108417,-95.325517,,
67.041833,-125.258076,,
66.99357,-126.177213,,
66.948972,-113.312172,,
66.793815,-88.902201,,
66.708442,-103.064656,,
66.522884,-160.13121,,
66.497928,-100.884375,,
66.377268,-97.531223,,
66.361699,-103.307292,,
66.321436,-97.840625,,
65.964494,-99.343677,,
65.963044,-112.460943,,
65.936416,-91.063542,,
65.932058,-98.634948,,
65.906978,-100.03125,,
65.873997,-100.994061,,
65.828662,-98.741068,,
65.722225,-97.835417,,
65.677082,-99.181252,,
65.666434,-85.775406,,
65.617968,-71.881869,,
65.604302,-100.037273,,
65.568468,-117.802032,,
65.533146,-112.577083,,
65.504407,-125.518097,,
65.479477,-108.844859,,
65.310365,-96.128125,,
65.306119,-125.807694,,
65.227083,-118.19375,,
65.220995,-99.489757,,
65.184504,-109.761458,,
65.179573,-50.233708,,
65.15919,-165.934087,,
65.157122,-102.115625,,
65.121966,-95.153742,,
65.04373,-95.25627,,
64.970139,-103.188542,,
64.948713,-75.457245,,
64.867242,-110.796875,,
64.839583,-111.68018,,
64.820566,-117.835417,,
64.804974,-93.180208,,
64.786209,-109.333574,,
64.785764,-97.020455,,
64.691305,-71.941153,,
64.659971,-121.485802,,
64.585294,-113.03388,,
64.577536,-100.30625,,
64.549803,-111.291431,,
64.494493,-110.922986,,
64.485893,-96.088542,,
64.35924,-117.171875,,
64.292432,-109.411553,,
64.273356,-106.452144,,
64.241032,-99.530182,,
64.210405,-114.722906,,
64.171786,-123.047803,,
64.119755,-109.869895,,
64.103423,-116.238542,,
64.080813,-120.338201,,
64.074333,-107.936388,,
64.055865,-121.519014,,
64.04383,-110.514585,,
64.040472,-99.491072,,
64.016136,-91.480208,,
64.003699,-96.780341,,
63.965577,-115.496875,,
63.926088,-98.096875,,
63.904668,-118.56875,,
63.892171,-109.126777,,
63.889936,-114.052078,,
63.824485,-117.080208,,
63.821737,-97.478608,,
63.795701,-98.599846,,
63.737352,-110.069319,,
63.724749,-110.895469,,
63.705164,-95.81031,,
63.694908,-107.288383,,
63.659607,-106.688542,,
63.5906,-97.19499,,
63.511216,-116.004535,,
63.490588,-108.480208,,
63.441962,-100.033128,,
63.361968,-94.680208,,
63.331331,-108.55671,,
63.310959,-95.051062,,
63.289353,-106.951403,,
63.286936,-112.250482,,
63.219853,-106.086458,,
63.202216,-99.26597,,
63.185069,-118.215625,,
63.10626,-122.802093,,
63.103568,-92.625319,,
63.06394,-105.335453,,
63.032814,-113.143309,,
62.950403,-92.649104,,
62.943731,-98.052083,,
62.888325,-108.463224,,
62.880879,-104.318853,,
62.847266,-96.55373,,
62.809625,-115.974375,,
62.774165,-120.644959,,
62.770289,-95.793156,,
62.757033,-102.659375,,
62.524018,-106.805208,,
62.5149,-101.831273,,
62.503046,-103.148584,,
62.450704,-103.411305,,
62.381495,-94.14375,,
62.373903,-105.990117,,
62.363137,-94.822917,,
62.360093,-100.79089,,
62.358452,-100.512124,,
62.322478,-107.677083,,
62.300276,-103.74945,,
62.297037,-102.915625,,
62.272159,-99.594973,,
62.214605,-102.060436,,
62.119552,-119.184375,,
62.119693,-97.494938,,
62.091779,-102.894792,,
62.042846,-102.102768,,
62.009792,-146.236913,,
62.005964,-110.572805,,
61.906107,-105.085529,,
61.826899,-102.564462,,
61.79352,-107.90625,,
61.689855,-103.198958,,
61.67851,-97.480988,,
61.666459,-109.959376,,
61.61457,-105.286135,,
61.506602,-102.879511,,
61.423942,-94.733033,,
61.390816,-139.013864,,
61.38427,-110.847917,,
61.3713,-135.224124,,
61.340503,-104.416177,,
61.290465,-102.419792,,
61.214099,-99.757972,,
61.202852,-136.999752,,
61.164209,-101.513509,,
61.089927,-99.390701,,
61.072951,-97.060457,,
61.010685,-75.798181,,
60.989807,-162.400867,,
60.982334,-163.839027,,
60.949915,-73.646484,,
60.937723,-117.429871,,
60.93512,-110.305425,,
60.878467,-98.066887,,
60.873846,-164.08948,,
60.860953,-163.939472,,
60.838516,-162.586458,,
60.829424,-103.868885,,
60.814987,-104.477371,,
60.808263,-97.710168,,
60.756731,-121.126042,,
60.659599,-117.518714,,
60.607847,-74.847526,,
60.603028,-136.116515,,
60.552762,-110.513115,,
60.521869,-100.185417,,
60.463802,-103.948958,,
60.454434,-73.457148,,
60.450699,-133.26319,,
60.399753,-103.120696,,
60.379344,-97.067691,,
60.35401,-115.25851,,
60.311504,-73.838402,,
60.26521,-164.064566,,
60.257567,-104.803636,,
60.256222,-134.281263,,
60.23348,-151.158698,,
60.141257,-99.105667,,
60.040656,-73.575905,,
60.019583,-75.580208,,
59.948679,-154.860927,,
59.935775,-158.191316,,
59.929348,-97.895268,,
59.897076,-104.165625,,
59.863975,-106.400931,,
59.820256,-71.730208,,
59.815731,-109.429853,,
59.77955,-75.294798,,
59.744076,-119.180193,,
59.732191,-99.321875,,
59.695536,-73.580208,,
59.6711,-100.151242,,
59.636215,-100.895077,,
59.599259,-133.81361,,
59.495211,-97.773503,,
59.429596,-158.838119,,
59.22334,-103.859564,,
59.221747,-73.148768,,
59.176559,-74.99367,,
59.150265,-105.539038,,
59.135902,-155.546827,,
59.099562,-73.864691,,
59.096666,-106.650784,,
59.056104,-103.596617,,
59.007725,-155.584026,,
58.972256,-98.923397,,
58.94007,-71.557559,,
58.938038,-108.190857,,
58.858703,-98.381517,,
58.829678,-97.599583,,
58.757967,-72.278716,,
58.713961,-98.240637,,
58.689294,-103.853125,,
58.686064,-156.430153,,
58.646603,-75.631071,,
58.641007,-111.385402,,
58.608677,-155.040882,,
58.589723,-75.944792,,
58.545205,-101.406547,,
58.492092,-105.17894,,
58.435393,-101.960395,,
58.355016,-75.173958,,
58.282178,-96.991457,,
58.247889,-104.447462,,
58.074644,-73.378125,,
57.964313,-99.469792,,
57.677083,-73.477083,,
57.565605,-156.788305,,
57.560417,-156.996875,,
57.309872,-97.160986,,
57.113596,-97.586607,,
57.071207,-103.303125,,
56.900717,-107.871941,,
56.853312,-100.143289,,
56.783056,-68.163305,,
56.733946,-105.317033,,
56.668189,-99.049423,,
56.664124,-73.813542,,
56.638222,-98.046498,,
56.626134,-68.375715,,
56.621507,-104.315625,,
56.614583,-108.422146,,
56.587826,-96.266485,,
56.568119,-69.181281,,
56.501079,-114.537885,,
56.491787,-100.045556,,
56.481099,-110.521176,,
56.477049,-74.272663,,
56.419947,-68.573648,,
56.40473,-109.428441,,
56.398006,-101.899142,,
56.381209,-94.636446,,
56.362667,-101.262133,,
56.273409,-95.869856,,
56.204563,-73.16841,,
56.16323,-76.638033,,
56.152784,-108.204811,,
56.152555,-64.211458,,
56.135417,-113.865625,,
56.109253,-68.312889,,
56.038725,-96.534375,,
56.001842,-73.260112,,
55.992113,-64.298929,,
55.976148,-100.489041,,
55.969206,-72.23359,,
55.968141,-79.521069,,
55.944205,-63.098986,,
55.925722,-107.72798,,
55.925215,-115.390625,,
55.872007,-72.726042,,
55.868495,-66.030208,,
55.83722,-106.7699,,
55.831148,-108.464679,,
55.816581,-108.374584,,
55.777014,-106.186465,,
55.770615,-101.591074,,
55.729263,-97.03656,,
55.66881,-105.194512,,
55.599622,-67.643704,,
55.598705,-97.782521,,
55.588586,-110.515998,,
55.561178,-105.685416,,
55.551644,-74.447974,,
55.510488,-97.537097,,
55.485349,-96.544792,,
55.466574,-73.632163,,
55.407138,-104.27459,,
55.40686,-64.538122,,
55.398087,-100.123194,,
55.396179,-101.964077,,
55.372588,-95.699571,,
55.317605,-126.628483,,
55.304958,-101.209715,,
55.301325,-105.202677,,
55.21963,-97.228677,,
55.218106,-108.144807,,
55.207856,-94.302657,,
55.20625,-113.202083,,
55.188031,-107.504492,,
55.155881,-95.806107,,
55.145582,-98.449861,,
55.093386,-105.357467,,
55.06038,-125.507874,,
55.019387,-102.711557,,
54.974767,-73.275243,,
54.959644,-112.248958,,
54.95162,-95.27709,,
54.934861,-103.022351,,
54.928433,-104.032292,,
54.900121,-99.666426,,
54.843551,-109.694576,,
54.839659,-103.135655,,
54.831015,-78.572917,,
54.824554,-67.748958,,
54.821397,-70.713631,,
54.81916,-124.964525,,
54.801811,-97.334706,,
54.801989,-93.227083,,
54.772823,-96.956234,,
54.750923,-106.792708,,
54.740049,-66.322917,,
54.705994,-107.586458,,
54.70039,-97.875338,,
54.668505,-101.137059,,
54.65714,-100.268746,,
54.567004,-109.845195,,
54.557698,-101.463542,,
54.542423,-98.023543,,
54.541773,-105.59784,,
54.509169,-92.610995,,
54.468681,-66.614659,,
54.419666,-124.270184,,
54.4164,-102.174004,,
54.397895,-101.680058,,
54.384172,-78.138415,,
54.381681,-102.652612,,
54.366121,-66.155208,,
54.364583,-94.865754,,
54.330592,-98.31875,,
54.313704,-96.693383,,
54.229577,-93.003125,,
54.204411,-93.638059,,
54.186812,-100.553305,,
54.151176,-99.817708,,
54.150665,-100.911579,,
54.148175,-92.068929,,
54.125611,-58.682292,,
54.086923,-60.794867,,
54.085417,-106.06875,,
54.071553,-107.121875,,
54.063463,-94.51875,,
54.06194,-101.638126,,
54.054932,-97.773547,,
54.009003,-125.0078,,
53.999011,-75.430974,,
53.958065,-102.381075,,
53.951406,-95.512117,,
53.93078,-99.283084,,
53.889842,-92.146875,,
53.886767,-73.462687,,
53.767026,-105.161458,,
53.761332,-89.5622,,
53.755217,-95.452083,,
53.659367,-103.402193,,
53.658957,-68.763453,,
53.577061,-124.947895,,
53.55625,-60.20625,,
53.535644,-63.967251,,
53.521501,-112.506365,,
53.515365,-88.085733,,
53.467634,-76.672808,,
53.400241,-64.608708,,
53.27184,-68.300986,,
53.234643,-126.11568,,
53.218116,-70.863542,,
53.194652,-66.325742,,
53.109746,-87.332826,,
53.099224,-93.332292,,
53.087669,-92.551042,,
53.064091,-91.892708,,
53.004339,-66.250358,,
52.968247,-64.663542,,
52.965493,-87.939752,,
52.957199,-87.694513,,
52.942855,-76.780208,,
52.933519,-70.74619,,
52.91782,-91.566277,,
52.897999,-89.002709,,
52.885431,-101.187084,,
52.860065,-90.813322,,
52.679607,-94.021292,,
52.663618,-64.953251,,
52.642265,-100.749145,,
52.605529,-121.548047,,
52.572208,-100.307292,,
52.330777,-92.361458,,
52.255117,-85.07882,,
52.211505,-76.583851,,
52.188017,-75.88553,,
52.161433,-87.593103,,
52.08885,-94.850239,,
52.082504,-63.836458,,
52.077993,-118.569792,,
51.918588,-104.17926,,
51.898442,-64.973542,,
51.86875,-104.39375,,
51.857996,-99.551809,,
51.856832,-95.563542,,
51.82479,-67.80469,,
51.822806,-98.32022,,
51.625987,-124.141215,,
51.591379,-91.911807,,
51.49375,-69.916021,,
51.483475,-75.224826,,
51.443476,-76.743655,,
51.438022,-99.953125,,
51.332546,-92.357475,,
51.268741,-106.864575,,
51.189583,-90.228216,,
51.134826,-73.126678,,
51.128482,-93.254931,,
51.113856,-98.5488,,
51.052067,-118.193246,,
51.036106,-76.864964,,
51.025294,-93.765826,,
50.948513,-119.660417,,
50.927085,-77.16875,,
50.881935,-119.560272,,
50.854756,-88.986458,,
50.79391,-66.789805,,
50.75512,-87.99906,,
50.726942,-104.857292,,
50.689585,-64.581363,,
50.683711,-90.326042,,
50.663569,-89.214662,,
50.657279,-70.528776,,
50.590167,-75.42984,,
50.502089,-61.089583,,
50.443664,-75.206208,,
50.440057,-80.152773,,
50.412693,-76.702419,,
50.397348,-95.989539,,
50.334087,-77.669953,,
50.303889,-95.539583,,
50.264983,-94.976042,,
50.147917,-90.307292,,
50.106633,-67.94107,,
50.09375,-105.947917,,
50.087944,-90.82551,,
50.087909,-87.451321,,
50.083555,-77.4748,,
50.043745,-91.893641,,
50.001281,-75.036856,,
49.928042,-74.219075,,
49.903662,-71.254747,,
49.878134,-124.553185,,
49.855718,-77.185373,,
49.842438,-76.91707,,
49.78387,-86.548188,,
49.759562,-92.844792,,
49.75353,-68.605208,,
49.743579,-93.181023,,
49.70625,-68.907528,,
49.697081,-74.719792,,
49.66737,-76.495572,,
49.614383,-94.78236,,
49.611144,-75.938542,,
49.519621,-93.917276,,
49.504525,-75.401092,,
49.502946,-119.609375,,
49.46878,-117.465095,,
49.354812,-69.769792,,
49.342295,-117.774543,,
49.323468,-68.347805,,
49.314583,-121.802083,,
49.308057,-93.891175,,
49.196212,-57.261458,,
49.009236,-84.355208,,
48.988206,-54.867459,,
48.950882,-90.695172,,
48.763573,-56.598742,,
48.748146,-80.577553,,
48.722085,-77.043816,,
48.704997,-89.629802,,
48.618953,-93.35603,,
48.598646,-75.979883,,
48.530584,-80.989583,,
48.496733,-92.665771,,
48.465333,-78.125638,,
48.411432,-115.313542,,
48.392772,-78.357292,,
48.355341,-57.117708,,
48.278849,-92.295517,,
48.178294,-116.997745,,
48.165993,-56.77958,,
48.001098,-106.414583,,
47.959026,-92.475694,,
47.956952,-98.603742,,
47.954652,-118.98095,,
47.939695,-119.019462,,
47.920157,-55.95523,,
47.839731,-120.024027,,
47.76754,-78.315625,,
47.705243,-116.951042,,
47.676175,-114.232292,,
47.653085,-77.548831,,
47.613278,-77.306734,,
47.556366,-79.239354,,
47.534702,-74.185417,,
47.428657,-94.053087,,
47.311112,-76.471875,,
47.287149,-79.461975,,
47.251782,-94.223518,,
47.180983,-80.180847,,
47.042561,-79.273022,,
46.719215,-75.982801,,
46.665974,-80.672209,,
46.647099,-111.7265,,
46.29205,-72.587213,,
46.123592,-80.012987,,
46.115447,-93.654812,,
45.880388,-69.17805,,
45.839487,-66.12332,,
45.757259,-76.768589,,
45.703585,-81.996309,,
45.585115,-69.716999,,
45.416392,-73.657783,,
45.406614,-73.957914,,
45.268507,-74.168641,,
45.266269,-66.091252,,
45.120328,-79.575541,,
45.00981,-79.612978,,
44.998781,-74.860417,,
44.743737,-79.33959,,
44.56426,-110.384698,,
44.554362,-78.345547,,
44.185016,-88.45459,,
44.157452,-64.999131,,
44.039785,-99.448646,,
43.857485,-110.591126,,
43.831465,-70.456968,,
43.83084,-73.426537,,
43.552982,-71.460722,,
43.327083,-118.785417,,
43.270696,-76.204489,,
43.228021,-119.045399,,
42.946116,-76.734399,,
42.901566,-76.863764,,
42.83125,-120.74375,,
42.779062,-112.873708,,
42.64375,-120.222917,,
42.238815,-121.811463,,
42.121153,-111.317708,,
41.739583,-120.139583,,
41.721192,-120.457143,,
41.214586,-101.67338,,
41.164508,-113.112134,,
40.929988,-113.307527,,
40.915665,-109.420471,,
40.850902,-113.661023,,
40.720459,-122.422031,,
40.652083,-120.727083,,
40.358628,-111.892115,,
40.289583,-120.260417,,
40.174792,-121.087815,,
40.10625,-119.58125,,
39.160972,-120.141773,,
38.985417,-113.127083,,
38.931118,-122.646532,,
38.697917,-118.710417,,
38.264873,-93.40625,,
38.20625,-92.627083,,
38.022917,-119.002083,,
37.365174,-110.726722,,
37.018747,-88.218748,,
37.010296,-88.268652,,
36.939635,-111.485228,,
36.867817,-85.14375,,
36.597936,-93.311648,,
36.59626,-78.294784,,
36.470297,-95.039609,,
36.424078,-95.679416,,
36.365385,-92.572917,,
36.018191,-114.735006,,
35.623945,-84.780208,,
35.520559,-91.992829,,
35.514845,-76.069449,,
35.435689,-80.952083,,
35.346223,-94.778828,,
35.307952,-95.357937,,
35.102025,-85.226742,,
35.069376,-88.247429,,
34.806299,-87.380231,,
34.574105,-93.195081,,
34.421538,-86.39202,,
34.407344,-89.792634,,
34.360491,-82.822993,,
34.16084,-84.072357,,
34.051852,-81.219554,,
33.822946,-96.573487,,
33.814591,-89.76874,,
33.662099,-82.196875,,
33.452083,-80.16573,,
33.335417,-115.835417,,
33.240867,-79.999023,,
33.156049,-107.189253,,
32.814655,-95.91465,,
32.682016,-85.910417,,
32.352083,-115.589583,,
32.181646,-96.072954,,
31.94808,-96.102607,,
31.627517,-85.064945,,
31.174682,-93.566547,,
31.064744,-94.106215,,
30.91757,-106.87675,,
30.632678,-95.015625,,
30.285241,-90.403254,,
29.8651,-92.843342,,
29.837301,-93.348536,,
29.754014,-93.894588,,
29.737717,-92.387097,,
29.574875,-90.158715,,
29.452444,-101.052143,,
29.389177,-81.656392,,
29.327083,-107.827083,,
29.248481,-90.680453,,
28.672085,-81.672917,,
28.539583,-106.739583,,
27.806733,-81.194247,,
26.561383,-99.167708,,
23.958898,-98.666409,,
21.034985,-73.652083,,
19.989583,-101.072917,,
18.585417,-72.00625,,
18.460417,-71.59375,,
18.271564,-101.892324,,
18.2519,-96.423378,,
18.000207,-96.266114,,
17.176567,-93.598787,,
16.997917,-89.83125,,
16.400684,-92.778548,,
15.655393,-88.999155,,
15.339183,-84.016924,,
14.780991,-83.328822,,
14.702083,-91.18125,,
10.771398,-74.496875,,
10.411269,-75.107292,,
10.172917,-67.74375,,
9.262625,-79.929598,,
9.177848,-78.883954,,
9.052081,-73.901387,,
9.050205,-74.666475,,
9.019717,-74.769634,,
8.953009,-67.404536,,
8.895557,-70.041385,,
8.446351,-75.054965,,
8.158551,-62.799842,,
1.394997,-50.632504,,
-1.400672,-56.437368,,
-1.800391,-55.933064,,
-1.815629,-51.090534,,
-1.895345,-55.72036,,
-1.962953,-54.895336,,
-2.156757,-56.340398,,
-2.178943,-45.283869,,
-2.196246,-56.70372,,
-2.236656,-55.069792,,
-2.294983,-54.602708,,
-2.359812,-54.376042,,
-2.578953,-57.854039,,
-2.713178,-64.62046,,
-2.74877,-56.752493,,
-2.778102,-56.886458,,
-2.811079,-58.144581,,
-3.014672,-61.248601,,
-3.293071,-60.64925,,
-3.339248,-64.694549,,
-3.366191,-57.733993,,
-3.417869,-62.678727,,
-3.558208,-63.020212,,
-4.071027,-62.958152,,
-4.074724,-63.141383,,
-4.438508,-62.104031,,
-4.53709,-60.47766,,
-4.921771,-62.361458,,
-4.971199,-37.149822,,
-5.669958,-36.880208,,
-6.325282,-80.556683,,
-6.752165,-43.568828,,
-9.142167,-38.311892,,
-10.978923,-76.195566,,
-12.584099,-38.999156,,
-13.047446,-65.49406,,
-13.06453,-65.902528,,
-13.144879,-65.792432,,
-13.395155,-48.147113,,
-13.836896,-48.303687,,
-13.899451,-66.916258,,
-15.192741,-69.923958,,
-17.150572,-58.403125,,
-17.614651,-57.782753,,
-18.082743,-57.524515,,
-18.215177,-45.268872,,
-18.407776,-49.096387,,
-18.446974,-47.984377,,
-19.017154,-50.499679,,
-19.129517,-47.696299,,
-19.185417,-68.127083,,
-19.867125,-50.345936,,
-19.934154,-67.672917,,
-20.027691,-48.217709,,
-20.06875,-67.296642,,
-20.13125,-48.56764,,
-20.285484,-47.06298,,
-20.313631,-49.188073,,
-20.577418,-67.318789,,
-20.66689,-51.300123,,
-20.668972,-46.313563,,
-20.772788,-51.618652,,
-21.118108,-50.20033,,
-21.298021,-49.780896,,
-22.003644,-41.239738,,
-22.520103,-48.533827,,
-22.60225,-52.868501,,
-22.664577,-51.356229,,
-22.942295,-42.155208,,
-23.131401,-49.732019,,
-23.212197,-49.229344,,
-23.365001,-45.659031,,
-24.585417,-68.98125,,
-25.374402,-54.969896,,
-25.542197,-53.488542,,
-25.610142,-52.614328,,
-27.524193,-64.886793,,
-27.553052,-52.738489,,
-29.014228,-53.188468,,
-29.551584,-50.029438,,
-29.767316,-50.069019,,
-31.271498,-57.942885,,
-32.134026,-60.912118,,
-32.829512,-56.420339,,
-33.056259,-57.443742,,
-33.491959,-53.07479,,
-33.962307,-53.687865,,
-34.335417,-62.314583,,
-35.63125,-69.122917,,
-35.989583,-62.410417,,
-36.985417,-62.489583,,
-37.122917,-62.889583,,
-37.547917,-67.485417,,
-38.192783,-66.0072,,
-38.210399,-67.193765,,
-38.578675,-68.688972,,
-38.585588,-68.4897,,
-38.697917,-67.997917,,
-39.2701,-68.757972,,
-39.273695,-72.226305,,
-39.548247,-72.104301,,
-39.794769,-71.215717,,
-39.841874,-72.117153,,
-40.191176,-69.989287,,
-40.264583,-72.56875,,
-40.661885,-72.600861,,
-40.788065,-72.687614,,
-41.055153,-71.153461,,
-41.142967,-72.408823,,
-41.258869,-73.00104,,
-43.177538,-72.431841,,
-43.910356,-71.419419,,
-45.559722,-69.14375,,
-45.662884,-68.695469,,
-46.358951,-74.132738,,
-46.668254,-74.0135,,
-47.218653,-72.488542,,
-48.906251,-74.101387,,
