name,for,fov,constellation_size,agility,event_duration,event_frequency,event_density,event_clustering,num_event_types,planner,reobserve_reward,reward,events,init_obs_count,replan_obs_count,vis_count,init_event_obs_count,init_events_seen,init_event_reward,init_planner_reward,init_perc_cov,init_max_rev,init_avg_rev,init_all_perc_cov,init_all_max_rev,init_all_avg_rev,replan_event_obs_count,replan_events_seen,replan_event_reward,replan_planner_reward,replan_perc_cov,replan_max_rev,replan_avg_rev,replan_all_perc_cov,replan_all_max_rev,replan_all_avg_rev,vis_event_obs_count,vis_events_seen,vis_event_reward,vis_planner_reward,vis_perc_cov,vis_max_rev,vis_avg_rev,vis_all_perc_cov,vis_all_max_rev,vis_all_avg_rev,time
oa_het_65,10,10,2,1,43200,2.777777777777778e-05,5,8,4,dp,2,10,7709,62129,62828,52632,1822,6859,1822.0,554090,0.2363471267349851,38857.66,4663.958189616978,1.0,86400.0,11242.160142105828,1796,6848,1796.0,573220,0.2329744454533662,38852.53,4621.366363081164,1.0,86400.0,11369.514070160416,1819,6824,1819.0,485170,0.2359579712024906,38250.0,4760.271977297912,1.0,86400.0,11532.486807482874,2171.7789146900177
oa_het_66,60,5,2,1,21600,2.777777777777778e-05,5,8,2,dp,2,10,7684,33812,29126,79193,4129,6248,4129.0,178180,0.5373503383654347,21552.57,5681.853604362893,1.0,86400.0,11652.974949264655,4026,5944,4026.0,190340,0.5239458615304529,21549.670000000013,5471.43057710312,1.0,86400.0,13188.441024747444,6721,6892,6721.0,406830,0.8746746486205101,21600.0,5171.131925497862,1.0,86400.0,7051.554071517505,1833.4889316558838
oa_het_67,60,5,2,1,3600,2.7777777777777776e-07,5,4,4,dp,2,10,67,136150,116907,311460,0,36,0,1300,0.0,86400,86400,1.0,86400.0,3315.8477417740273,0,34,0,2030,0.0,86400,86400,1.0,86400.0,3250.617809151447,0,39,0,2630,0.0,86400,86400,1.0,86400.0,1786.6275959588513,5205.50187754631
oa_het_68,10,10,2,0.1,43200,2.777777777777778e-06,1,8,4,dp,2,10,144,8037,7917,9149,29,126,29.0,5600,0.2013888888888889,32386.3,4778.684958043985,1.0,86400.0,11404.831808253739,32,126,32.0,6050,0.2222222222222222,32380.0,4783.657405094906,1.0,86400.0,11576.041633455627,32,126,32.0,6210,0.2222222222222222,32390.0,4758.258161019385,1.0,86400.0,11173.953831669845,413.5422465801239
oa_het_69,10,5,2,0.01,3600,2.777777777777778e-05,10,4,4,dp,2,10,15639,24565,23059,94632,9,1958,9.0,25660,0.0005754843660080568,1239.0,294.23370746900156,1.0,86400.0,29075.57429153488,17,1799,17.0,28050,0.001087026024681885,2372.0,220.8385820192809,1.0,86400.0,31589.758099820032,28,3906,28.0,93240,0.0017903958053583989,2520.0,169.4072936640804,1.0,86400.0,11125.156467309847,3030.2412219047546
oa_het_70,10,10,2,0.01,21600,2.777777777777778e-08,1,4,4,dp,2,10,3,5547,5749,9299,0,3,0,80,0.0,86400,86400,1.0,75385.0,15199.883145745285,1,3,1.0,110,0.3333333333333333,10186.0,3600.0,1.0,86400.0,13891.924912874254,2,3,2.0,130,0.6666666666666666,10570.0,3342.857142857143,1.0,42990.0,11265.67988628492,396.6142864227295
oa_het_71,60,5,2,0.1,3600,2.7777777777777776e-07,10,8,3,dp,2,10,161,71786,62255,339630,1,53,1.0,870,0.006211180124223602,751.2000000000116,600.0,1.0,86400.0,12641.66010488547,7,55,7.0,1720,0.043478260869565216,1903.5999999999985,352.6402169259312,1.0,86400.0,12107.337253430396,9,81,9.0,4560,0.055900621118012424,610.0,208.18981481481484,1.0,86400.0,3681.945449183721,6796.062754392624
oa_het_72,30,1,2,1,43200,2.777777777777778e-08,5,8,4,dp,2,10,10,85481,79364,145070,6,9,6.0,660,0.6,11198.810000000005,4755.844155844156,1.0,86400.0,5577.719962009037,6,9,6.0,710,0.6,11176.180000000008,4695.238095238095,1.0,86400.0,5437.164155196013,6,9,6.0,740,0.6,11200.0,4676.847290640394,1.0,86400.0,4331.303290767362,2632.732600927353
oa_het_73,30,1,2,5,43200,2.777777777777778e-05,10,1,4,dp,2,10,15693,110325,106321,250212,6295,13040,6295.0,989790,0.40113426368444527,36119.763999999996,4410.064444293547,1.0,86400.0,13407.937714142885,7774,13145,7774.0,1164290,0.495380105779647,36119.763999999996,4543.444946313552,1.0,86400.0,11006.006698272164,11533,14869,11533.0,2246370,0.7349136557700886,39220.0,3939.401805830921,1.0,21830.0,3833.124570489455,11097.141417980194
oa_het_74,30,5,2,1,3600,2.777777777777778e-06,5,8,2,dp,2,10,825,22183,20508,35691,44,115,44.0,1920,0.05333333333333334,3510.4400000000023,1073.9610389610389,1.0,86400.0,16910.066139078346,61,117,61.0,2490,0.07393939393939394,3487.8699999999953,950.304449648712,1.0,86400.0,17558.088966913074,84,135,84.0,3400,0.10181818181818182,3520.0,923.7064522778809,1.0,86400.0,14159.834162006813,632.1692094802856
oa_het_75,60,10,2,0.01,3600,2.7777777777777776e-07,1,8,2,dp,2,10,16,3394,3590,15380,0,1,0,10,0.0,86400,86400,1.0,86400.0,21619.34008427778,1,2,1.0,30,0.0625,2347.0,1200.0,1.0,86400.0,17774.942281089545,2,3,2.0,60,0.125,1480.0,1050.0,1.0,86400.0,7214.655586115724,125.10505652427673
oa_het_76,30,1,2,0.1,43200,2.777777777777778e-06,5,4,3,dp,2,10,745,27250,24140,75545,223,619,223.0,23830,0.2993288590604027,29826.600000000006,7174.103269074781,1.0,86400.0,14490.689254446355,329,607,329.0,37750,0.44161073825503355,33323.2,6428.401065012214,1.0,86400.0,15604.78659741529,493,678,493.0,64770,0.661744966442953,41400.0,6045.021587897708,1.0,86400.0,6679.984853539076,1082.4131348133087
oa_het_77,10,1,2,1,3600,2.777777777777778e-05,1,4,2,dp,2,10,1524,2120,2091,2176,53,130,53.0,2150,0.03477690288713911,3357.600000000006,1062.0485175202157,1.0,86400.0,35058.64917601883,52,130,52.0,2120,0.03412073490813648,3358.6600000000035,1064.5054945054944,1.0,86400.0,35341.71765705572,54,130,54.0,2130,0.03543307086614173,3350.0,1075.079365079365,1.0,86400.0,34716.067787318614,57.34112191200256
oa_het_78,30,5,2,1,43200,2.777777777777778e-08,10,4,2,dp,2,10,18,35428,32643,68795,5,10,5.0,220,0.2777777777777778,22979.869999999995,11520.0,1.0,86400.0,20702.685277441076,9,10,9.0,780,0.5,36669.70999999999,7984.761904761905,1.0,86400.0,21606.772637212493,12,13,12.0,1120,0.6666666666666666,38600.0,8398.72093023256,1.0,86400.0,13644.878381287206,1765.4268605709076
oa_het_79,60,5,2,0.01,21600,2.777777777777778e-08,5,1,2,dp,2,10,8,7459,8401,71228,1,4,1.0,50,0.125,17156.0,7200.0,1.0,86400.0,39318.716485306286,1,5,1.0,80,0.125,7663.0,5400.0,1.0,86400.0,35943.51784748816,7,8,7.0,530,0.875,19970.0,3997.714285714286,1.0,22380.0,6597.9683480764525,700.7879502773285
oa_het_80,10,10,2,1,43200,2.777777777777778e-08,10,1,3,dp,2,10,16,52127,51929,44701,2,11,2.0,240,0.125,14954.439999999995,7200.0,1.0,86400.0,22040.04859201955,2,11,2.0,250,0.125,14957.409999999996,6685.714285714286,1.0,86400.0,22433.50155532567,2,10,2.0,220,0.125,17730.0,7920.0,1.0,86400.0,22281.108003610298,1808.7264573574066
oa_het_81,10,1,2,0.01,3600,2.777777777777778e-06,10,4,4,dp,2,10,1553,21669,21814,92624,0,146,0,1690,0.0,86400,86400,1.0,86400.0,29798.750998319887,0,168,0,2660,0.0,86400,86400,1.0,86400.0,31123.75865913327,0,363,0,7870,0.0,86400,86400,1.0,86400.0,11183.15850356164,2024.475423336029
oa_het_82,10,5,2,0.01,3600,2.777777777777778e-08,1,8,4,dp,2,10,2,5068,5331,8524,0,0,0,0,0.0,86400,86400,1.0,86400.0,15560.3152419097,0,0,0,0,0.0,86400,86400,1.0,86400.0,14369.288540921472,0,0,0,0,0.0,86400,86400,1.0,86400.0,11700.784516678801,383.1225049495697
oa_het_83,60,10,2,0.1,3600,2.777777777777778e-06,1,4,4,dp,2,10,171,25878,23401,58339,1,84,1.0,2250,0.005847953216374269,1176.7000000000003,600.0,1.0,86400.0,3358.947097060155,3,77,3.0,3570,0.017543859649122806,1201.4999999999927,339.09090909090907,1.0,86400.0,3244.0461324723237,5,89,5.0,5450,0.029239766081871343,560.0,212.40324892498808,1.0,86400.0,1894.1500718577004,730.0766522884369
oa_het_84,60,10,2,5,21600,2.7777777777777776e-07,1,1,3,dp,2,10,17,23992,21426,32968,6,17,6.0,970,0.35294117647058826,13745.325999999997,2375.6243756243757,1.0,14063.111999999994,3260.081978243203,6,17,6.0,1420,0.35294117647058826,13711.499999999993,1634.7692307692307,1.0,42263.948000000004,3631.1958343963365,7,17,7.0,1620,0.4117647058823529,13760.0,1782.6797085375388,1.0,14060.0,3097.4956637673545,370.1265299320221
oa_het_85,60,5,2,1,3600,2.777777777777778e-05,10,1,3,dp,2,10,15704,110864,97615,320831,71,4651,71.0,113500,0.004521141110545084,2755.540000000001,469.4208525525841,1.0,86400.0,11063.249573135261,202,4783,202.0,135860,0.012862964849719816,3139.290000000001,463.34163177655495,1.0,86400.0,7651.6694976764775,568,6858,568.0,329420,0.03616912888436067,2480.0,300.19540291243914,1.0,14060.0,3093.1234665643838,12480.863340139389
oa_het_86,30,5,2,5,43200,2.777777777777778e-08,10,8,3,dp,2,10,15,98646,96304,169059,6,13,6.0,750,0.4,27166.440000000002,5989.133703824779,1.0,86400.0,9090.591301440983,6,13,6.0,1370,0.4,14081.057999999997,3545.486973247071,1.0,86400.0,8461.841824312462,6,13,6.0,1480,0.4,14080.0,3459.6496526729084,1.0,86400.0,7024.499651211838,5290.874586105347
oa_het_87,30,1,2,0.01,3600,2.777777777777778e-05,5,1,3,dp,2,10,7834,9430,10332,69010,0,807,0,8980,0.0,86400,86400,1.0,86400.0,34711.47691769812,0,900,0,12080,0.0,86400,86400,1.0,86400.0,33786.88305213035,2,2401,2.0,66710,0.0002552974214960429,540.0,300.0,1.0,43110.0,6615.091182647929,1091.8844056129456
oa_het_88,60,1,2,5,43200,2.7777777777777776e-07,10,4,2,dp,2,10,150,56245,49252,153153,91,122,91.0,4510,0.6066666666666667,42686.796,9348.929725736449,1.0,86400.0,13917.674926809346,119,129,119.0,8580,0.7933333333333333,42215.990000000005,7783.2517571862445,1.0,86400.0,12917.192949236121,137,138,137.0,11620,0.9133333333333333,42230.0,7138.136290416003,1.0,86400.0,6649.799026360316,3750.516313791275
oa_het_89,60,1,2,0.1,21600,2.777777777777778e-05,10,4,3,dp,2,10,15619,64835,58746,344672,2161,11766,2161.0,340930,0.13835712913758882,19973.600000000006,3486.542620667232,1.0,86400.0,14479.569198820984,2966,11309,2966.0,413780,0.1898969204174403,16755.59999999999,3217.361416697334,1.0,86400.0,14643.268695150144,8199,14654,8199.0,1793850,0.5249375760291952,20800.0,2083.6189940972904,1.0,86400.0,3194.331559998097,11264.96114206314
oa_het_90,30,1,2,0.01,43200,2.777777777777778e-05,10,8,2,dp,2,10,15634,8053,7710,71506,959,5465,959.0,74430,0.061340667775361395,42963.0,12702.216865511964,1.0,86400.0,52119.524183564405,1322,4787,1322.0,79320,0.08455929384674428,42792.0,12090.068869221252,1.0,86400.0,57758.4132949723,9752,13114,9752.0,641670,0.6237687092234873,43200.0,10232.219044910942,1.0,86400.0,14173.67654629795,1694.4816827774048
oa_het_91,30,1,2,1,21600,2.777777777777778e-08,5,1,2,dp,2,10,5,16743,15581,30977,0,3,0,30,0.0,86400,86400,1.0,86400.0,21608.280426602294,0,3,0,30,0.0,86400,86400,1.0,86400.0,21699.533816534902,1,3,1.0,40,0.2,13830.0,7200.0,1.0,64280.0,13516.714910441664,497.5649733543396
oa_het_92,10,10,2,1,21600,2.7777777777777776e-07,1,4,4,dp,2,10,12,8808,8693,8931,0,9,0,270,0.0,86400,86400,1.0,86400.0,11288.794241198791,0,9,0,270,0.0,86400,86400,1.0,86400.0,11471.47831800473,0,9,0,270,0.0,86400,86400,1.0,86400.0,11178.374187807889,415.01410365104675
oa_het_93,30,10,2,1,21600,2.777777777777778e-05,10,4,3,dp,2,10,15577,95035,88044,153497,3301,13117,3301.0,496910,0.21191500288887463,20063.64,3305.443312397356,1.0,86400.0,9743.621006292298,3558,12795,3558.0,535200,0.2284136868459909,19936.949999999997,3221.9310928909667,1.0,86400.0,10565.543091410318,5182,14075,5182.0,801870,0.33266996212364386,19720.0,3113.1198384080667,1.0,86400.0,6654.201723098472,7497.127721309662
oa_het_94,30,1,2,0.01,3600,2.777777777777778e-08,10,1,4,dp,2,10,12,23807,27442,247057,0,3,0,40,0.0,86400,86400,1.0,86400.0,28860.048308552963,0,3,0,80,0.0,86400,86400,1.0,86400.0,26098.52199171515,0,6,0,270,0.0,86400,86400,1.0,21810.0,3841.8406910735744,3599.077644109726
oa_het_95,30,10,2,0.1,3600,2.777777777777778e-08,10,1,2,dp,2,10,7,26039,24819,62071,1,2,1.0,30,0.14285714285714285,2241.0,1200.0,1.0,86400.0,29157.980247529656,2,2,2.0,40,0.2857142857142857,2510.100000000006,1200.0,1.0,86400.0,31022.97816013366,2,2,2.0,60,0.2857142857142857,2270.0,960.0,1.0,64310.0,13593.368882600116,1181.0801711082458
oa_het_96,60,10,2,0.1,21600,2.777777777777778e-08,5,8,2,dp,2,10,11,22024,19401,75253,2,6,2.0,140,0.18181818181818182,11933.300000000003,4050.0,1.0,86400.0,18918.34284446585,5,7,5.0,240,0.45454545454545453,19516.800000000003,5400.0,1.0,86400.0,18804.278069930548,8,8,8.0,420,0.7272727272727273,19550.0,5597.727272727273,1.0,86400.0,7380.549803348505,953.3150067329407
oa_het_97,60,10,2,0.01,3600,2.7777777777777776e-07,10,1,3,dp,2,10,141,37957,40450,322304,0,21,0,270,0.0,86400,86400,1.0,86400.0,24242.822490677532,0,29,0,380,0.0,86400,86400,1.0,86400.0,22156.033995460308,3,59,3.0,2720,0.02127659574468085,610.0,292.3076923076923,1.0,14060.0,3096.825038937567,5015.9466733932495
oa_het_98,10,5,2,0.01,43200,2.777777777777778e-08,10,1,2,dp,2,10,19,5465,5393,19811,0,1,0,10,0.0,86400,86400,1.0,86400.0,61376.62356126298,1,6,1.0,80,0.05263157894736842,28030.0,10800.0,1.0,86400.0,63415.95394741061,5,9,5.0,170,0.2631578947368421,39690.0,12960.0,1.0,86400.0,34209.874596734335,373.10159182548523
oa_het_99,10,1,2,0.01,21600,2.7777777777777776e-07,10,8,3,dp,2,10,144,12775,13062,53630,0,43,0,510,0.0,86400,86400,1.0,86400.0,44290.660893405126,2,37,2.0,670,0.013888888888888888,14656.0,4860.0,1.0,86400.0,45267.02520040077,7,85,7.0,1640,0.04861111111111111,14960.0,3691.836734693877,1.0,86400.0,20702.528716489527,1053.0737524032593
oa_het_100,10,1,2,0.1,43200,2.7777777777777776e-07,5,1,3,dp,2,10,80,13258,12666,22072,15,56,15.0,1470,0.1875,25828.300000000003,7566.7852147852145,1.0,86400.0,31792.477142293723,18,56,18.0,1940,0.225,25819.600000000006,6403.508665247796,1.0,86400.0,33696.20125362429,19,63,19.0,2300,0.2375,25860.0,6253.627379485502,1.0,86400.0,22557.242994750788,506.5738742351532
oa_het_101,30,1,2,0.1,43200,2.777777777777778e-06,10,8,4,dp,2,10,1534,77564,67581,280947,375,1343,375.0,69370,0.24445893089960888,39089.40000000001,5063.069774768819,1.0,86400.0,11144.676683932943,763,1326,763.0,125780,0.4973924380704042,37781.0,4536.298170672606,1.0,86400.0,11515.071101976335,1132,1441,1132.0,248130,0.7379400260756193,41490.0,3925.7792315392117,1.0,86400.0,4417.1424106600225,6097.717704296112
oa_het_102,30,5,2,0.01,21600,2.7777777777777776e-07,1,1,4,dp,2,10,24,7439,8992,24482,0,19,0,520,0.0,86400,86400,1.0,86400.0,11008.484553065935,7,23,7.0,1280,0.2916666666666667,10121.0,3277.9591836734694,1.0,76752.0,7449.1991415765,13,23,13.0,1580,0.5416666666666666,11270.0,3450.2282333051558,1.0,16850.0,3839.5041734206065,456.1910185813904
oa_het_103,30,10,2,0.1,21600,2.7777777777777776e-07,5,8,3,dp,2,10,68,32678,28760,78292,6,47,6.0,1100,0.08823529411764706,14214.199999999997,3606.5217391304345,1.0,86400.0,14002.80432272174,18,47,18.0,2530,0.2647058823529412,15059.200000000012,3384.024045261669,1.0,86400.0,14253.099593286444,25,57,25.0,3150,0.36764705882352944,15000.0,3476.6860394228815,1.0,86400.0,7281.866749851001,1092.545354604721
oa_het_104,30,5,2,5,3600,2.777777777777778e-05,10,4,3,dp,2,10,15580,93405,90809,152199,43,4092,43.0,91400,0.0027599486521181003,2388.449999999997,336.3705583062628,1.0,86400.0,9695.137646956131,83,4339,83.0,112150,0.005327342747111681,2720.040000000001,311.1395032400308,1.0,86400.0,8954.443469621923,103,4873,103.0,148960,0.006611039794608473,2390.0,273.04475669358374,1.0,86400.0,6644.727417310334,7880.266873121262
oa_het_105,30,5,2,5,21600,2.7777777777777776e-07,5,4,2,dp,2,10,78,25370,24560,34915,38,62,38.0,1440,0.48717948717948717,20961.642,5952.200956937799,1.0,86400.0,15809.697354277241,35,65,35.0,1680,0.44871794871794873,20958.725999999995,5596.675324675324,1.0,86400.0,15858.692993639317,41,67,41.0,1820,0.5256410256410257,20960.0,5654.1838649155725,1.0,86400.0,13613.526403203778,660.7979023456573
oa_het_106,30,10,2,0.01,21600,2.777777777777778e-06,5,4,2,dp,2,10,820,5986,6035,35485,37,233,37.0,3070,0.045121951219512194,20058.0,6480.694980694981,1.0,86400.0,44792.154683065535,73,257,73.0,4960,0.08902439024390243,20805.0,5595.533910086691,1.0,86400.0,46597.85277068464,355,622,355.0,18510,0.4329268292682927,21130.0,5643.9313075297105,1.0,86400.0,13546.893510278329,348.1485297679901
oa_het_107,30,5,2,1,21600,2.777777777777778e-08,1,8,3,dp,2,10,3,13705,13082,15930,2,3,2.0,120,0.6666666666666666,13959.070000000002,4320.0,1.0,86400.0,7175.1187624716085,2,3,2.0,120,0.6666666666666666,13963.789999999997,4320.0,1.0,86400.0,7427.358525326621,2,3,2.0,120,0.6666666666666666,13940.0,4320.0,1.0,86400.0,7110.269001465512,229.76337456703186
oa_het_108,10,1,2,0.1,21600,2.777777777777778e-08,10,8,4,dp,2,10,7,50586,46845,103658,2,6,2.0,160,0.2857142857142857,10523.0,4320.0,1.0,86400.0,15619.55909755783,3,6,3.0,170,0.42857142857142855,10575.699999999997,4320.0,1.0,86400.0,16004.204803923807,4,6,4.0,180,0.5714285714285714,10570.0,4320.0,1.0,86400.0,11501.464544457818,2943.547914981842
oa_het_109,30,1,2,0.1,3600,2.777777777777778e-08,10,8,2,dp,2,10,11,19446,18210,68113,0,1,0,10,0.0,86400,86400,1.0,86400.0,32346.863321866756,0,1,0,10,0.0,86400,86400,1.0,86400.0,34191.50135093202,2,2,2.0,50,0.18181818181818182,3450.0,1050.0,1.0,86400.0,14245.421916440593,1296.8363020420074
oa_het_110,30,1,2,1,3600,2.7777777777777776e-07,10,4,3,dp,2,10,156,73358,67148,152199,0,40,0,600,0.0,86400,86400,1.0,86400.0,11797.109348823438,0,38,0,630,0.0,86400,86400,1.0,86400.0,11313.034582854738,0,48,0,1160,0.0,86400,86400,1.0,86400.0,6640.825371207253,4256.084522724152
oa_het_111,30,1,2,1,43200,2.777777777777778e-05,1,8,3,dp,2,10,1522,12759,12162,15136,1032,1405,1032.0,113500,0.6780551905387647,38403.41,6228.944591094923,1.0,86400.0,7063.316823481726,1002,1400,1002.0,113510,0.6583442838370565,38403.41,6261.544571179363,1.0,86400.0,7342.1106397666135,1041,1406,1041.0,134780,0.6839684625492772,38410.0,6098.487307541314,1.0,86400.0,6894.5039404073805,255.18187856674194
oa_het_112,60,1,2,0.01,21600,2.777777777777778e-06,1,1,4,dp,2,10,148,12117,13374,57067,20,140,20.0,6060,0.13513513513513514,10818.0,2301.8883116883117,1.0,86400.0,6569.828238965267,54,143,54.0,16000,0.36486486486486486,15881.0,1882.2466869513187,1.0,31932.0,4744.738135813993,77,143,77.0,28570,0.5202702702702703,14000.0,1526.128771266226,1.0,10530.0,1766.901688914691,683.4773533344269
oa_het_113,30,10,2,1,3600,2.777777777777778e-08,1,1,4,dp,2,10,3,20563,19439,25281,0,2,0,60,0.0,86400,86400,1.0,21797.270000000004,3916.7731764271775,0,2,0,60,0.0,86400,86400,1.0,21816.660000000003,4074.4376571837993,0,2,0,60,0.0,86400,86400,1.0,21800.0,3848.3083014678296,497.71415758132935
oa_het_114,10,5,2,5,43200,2.777777777777778e-06,5,1,3,dp,2,10,761,20265,20090,22485,132,540,132.0,19090,0.17345597897503284,29040.442,5783.560451161804,1.0,86400.0,24827.279452432922,144,544,144.0,20440,0.18922470433639949,29059.936000000005,5745.111741076709,1.0,86400.0,25201.26343374866,163,567,163.0,21150,0.21419185282522996,29060.0,6006.371886010626,1.0,86400.0,22039.50077467836,636.1348826885223
oa_het_115,10,1,2,0.01,21600,2.777777777777778e-06,1,8,2,dp,2,10,159,1356,1389,2466,12,51,12.0,680,0.07547169811320754,20928.0,6600.0,1.0,86400.0,41871.82497286664,18,50,18.0,910,0.11320754716981132,20457.0,5744.761904761905,1.0,86400.0,41042.703568798664,25,57,25.0,1090,0.15723270440251572,20600.0,5717.828571428571,1.0,86400.0,33607.60792493915,50.825690269470215
oa_het_116,60,10,2,0.01,43200,2.777777777777778e-08,1,1,4,dp,2,10,3,12262,13676,58178,2,3,2.0,190,0.6666666666666666,22796.0,4560.0,1.0,59424.0,6494.407661759644,2,3,2.0,470,0.6666666666666666,22595.0,2520.0,1.0,27555.0,4547.697174046382,2,3,2.0,540,0.6666666666666666,29680.0,2290.869565217391,1.0,10510.0,1759.6684588231808,690.0681991577148
oa_het_117,60,5,2,1,3600,2.777777777777778e-06,1,4,2,dp,2,10,160,10142,8801,14979,37,44,37.0,1110,0.23125,3577.220000000001,1046.6830466830468,1.0,86400.0,7489.211684311983,39,43,39.0,1390,0.24375,3511.4900000000052,924.911754911755,1.0,86400.0,8283.36466318536,42,45,42.0,1710,0.2625,3510.0,860.9016182230467,1.0,86400.0,6846.815313729011,149.48668551445007
oa_het_118,10,10,2,5,21600,2.777777777777778e-08,10,1,2,dp,2,10,21,22832,22686,19783,3,11,3.0,170,0.14285714285714285,19420.204000000005,6000.0,1.0,86400.0,33899.51108453483,3,11,3.0,170,0.14285714285714285,19421.786,6000.0,1.0,86400.0,34422.98359681874,2,11,2.0,140,0.09523809523809523,19420.0,6300.0,1.0,86400.0,34143.20764284942,763.9028687477112
oa_het_119,30,5,2,1,43200,2.7777777777777776e-07,1,1,4,dp,2,10,20,20378,19249,24990,13,20,13.0,2270,0.65,20337.270000000004,3589.6280689196897,1.0,21790.82,3925.34892172112,13,20,13.0,2520,0.65,20336.710000000006,3680.4202424345467,1.0,23570.0,4085.670320858784,13,20,13.0,2620,0.65,20340.0,3581.931802242466,1.0,21820.0,3850.850369327282,497.73256850242615
oa_het_120,30,5,2,0.1,3600,2.777777777777778e-08,1,8,4,dp,2,10,1,15552,14598,25501,0,1,0,20,0.0,86400,86400,1.0,86400.0,5592.2792129825075,0,1,0,20,0.0,86400,86400,1.0,86400.0,5588.477082699105,0,1,0,20,0.0,86400,86400,1.0,86400.0,4495.890637160293,486.3761432170868
oa_het_121,30,10,2,0.1,43200,2.7777777777777776e-07,1,8,2,dp,2,10,20,4118,3859,7252,10,15,10.0,460,0.5,23651.699999999997,9840.0,1.0,86400.0,17610.580380448282,14,16,14.0,790,0.7,33791.1,9491.076066790352,1.0,86400.0,17903.715409827226,15,17,15.0,840,0.75,39850.0,9658.057727438802,1.0,86400.0,13965.354972288602,74.06251740455627
oa_het_122,60,1,2,0.1,21600,2.777777777777778e-05,1,4,4,dp,2,10,1561,26914,24718,64138,514,1488,514.0,134340,0.3292761050608584,12665.300000000003,2080.859060811225,1.0,32772.2,3281.3323917129933,596,1476,596.0,162470,0.381806534272902,13350.5,2000.656813256991,1.0,31704.800000000003,3129.199778503182,777,1488,777.0,304060,0.4977578475336323,20220.0,1534.457408428206,1.0,10570.0,1760.5931404679895,865.399480342865
oa_het_123,60,1,2,5,21600,2.777777777777778e-08,1,1,2,dp,2,10,2,10543,9391,14101,2,2,2.0,40,1.0,11464.759999999995,7200.0,1.0,33389.76,6882.7550320044365,2,2,2.0,40,1.0,11462.740000000005,7200.0,1.0,43721.52599999999,7593.2671365123415,2,2,2.0,40,1.0,11450.0,7200.0,1.0,22370.0,6580.747824335166,142.91023349761963
oa_het_124,30,1,2,0.1,3600,2.777777777777778e-06,1,1,3,dp,2,10,163,8291,7960,13699,0,45,0,880,0.0,86400,86400,1.0,43408.2,8600.499497507983,0,46,0,1030,0.0,86400,86400,1.0,54050.0,8577.491625742361,0,50,0,1320,0.0,86400,86400,1.0,43110.0,6639.10448050457,204.91381812095642
oa_het_125,30,1,2,1,21600,2.777777777777778e-06,1,8,3,dp,2,10,168,13560,12854,16127,55,147,55.0,6290,0.3273809523809524,14930.11,3464.1048578216037,1.0,86400.0,7107.411532030652,53,146,53.0,7110,0.31547619047619047,14900.0,3427.9672062724712,1.0,86400.0,7377.30991440035,55,147,55.0,7740,0.3273809523809524,14900.0,3327.8212893253103,1.0,86400.0,6942.646699900743,232.23353457450867
oa_het_126,10,10,2,5,43200,2.777777777777778e-08,5,8,2,dp,2,10,7,14917,14530,12577,2,4,2.0,60,0.2857142857142857,32288.589999999997,14400.0,1.0,86400.0,33861.64376242077,2,4,2.0,60,0.2857142857142857,32290.0,14400.0,1.0,86400.0,34231.36513838254,2,4,2.0,60,0.2857142857142857,32290.0,14400.0,1.0,86400.0,34145.17652080714,312.5538794994354
oa_het_127,60,5,2,1,3600,2.777777777777778e-05,1,8,4,dp,2,10,1576,41946,36831,61488,41,848,41.0,43780,0.02601522842639594,1831.4100000000035,186.8576539048757,1.0,86400.0,2510.647340464853,63,835,63.0,49170,0.0399746192893401,1814.0999999999985,170.24441058512113,1.0,86400.0,2707.8745969966826,71,873,71.0,65020,0.0450507614213198,1620.0,130.49830861919068,1.0,86400.0,2292.0828097585227,895.2340395450592
oa_het_128,60,1,2,5,3600,2.777777777777778e-06,5,8,3,dp,2,10,788,89342,78950,176007,13,287,13.0,8800,0.01649746192893401,2314.7860000000073,524.1758241758241,1.0,86400.0,4890.322056371158,33,295,33.0,12150,0.04187817258883249,2213.413999999997,311.3196340201688,1.0,86400.0,4917.326296898469,37,317,37.0,17070,0.046954314720812185,2040.0,228.40690185682448,1.0,86400.0,3580.608860530274,3352.3294224739075
oa_het_129,60,10,2,5,3600,2.777777777777778e-05,1,1,4,dp,2,10,1579,44255,39749,59433,45,844,45.0,43940,0.028499050031665613,1639.8999999999942,252.01743228678217,1.0,10544.044000000002,1845.7612020319398,70,844,70.0,49360,0.044331855604813175,1842.3659999999945,227.21586630235072,1.0,11242.252,2027.5999907902642,77,868,77.0,61280,0.04876504116529449,580.0,177.23527018865175,1.0,10530.0,1760.0241750884531,920.4254276752472
oa_het_130,10,5,2,0.1,43200,2.777777777777778e-05,10,8,3,dp,2,10,15518,31790,30409,55888,1680,11024,1680.0,283780,0.10826137388838768,40366.100000000006,6960.882247537687,1.0,86400.0,26765.373946876207,1852,10547,1852.0,298410,0.11934527645315118,40868.09999999999,6738.718107234395,1.0,86400.0,28457.41423996891,2826,12030,2826.0,491450,0.18211109679082357,40090.0,6002.7742218635,1.0,86400.0,20898.488766395807,2616.73241853714
oa_het_131,30,5,2,0.01,43200,2.777777777777778e-05,1,4,4,dp,2,10,1503,8365,9985,29798,416,1387,416.0,78210,0.2767797737857618,30938.0,4908.127981394407,1.0,86400.0,10347.900026879168,756,1416,756.0,110890,0.5029940119760479,32157.0,4788.0170621781745,1.0,66461.0,7464.590463207829,1113,1439,1113.0,282290,0.7405189620758483,33790.0,3898.0614456225526,1.0,86400.0,3976.600681237646,509.22935581207275
oa_het_132,60,1,2,5,21600,2.7777777777777776e-07,5,8,4,dp,2,10,76,157163,139531,312320,33,72,33.0,8990,0.4342105263157895,12289.195999999996,1748.787130788991,1.0,86400.0,3257.8823550665247,35,72,35.0,12800,0.4605263157894737,12289.195999999996,1633.2267148131564,1.0,86400.0,3136.403470364856,39,72,39.0,14330,0.5131578947368421,12290.0,1438.0831474196114,1.0,86400.0,2342.617750271724,5653.931436300278
oa_het_133,60,10,2,0.01,43200,2.777777777777778e-06,10,4,2,dp,2,10,1510,14527,12952,151996,199,735,199.0,12450,0.1317880794701987,41866.0,11791.744436468056,1.0,86400.0,41076.56582590547,334,649,334.0,18860,0.22119205298013245,41073.0,9967.772038164574,1.0,86400.0,46827.05750324859,1352,1366,1352.0,120740,0.895364238410596,42930.0,7379.4010816018235,1.0,86400.0,6631.249656239489,2364.837763786316
oa_het_134,60,10,2,1,21600,2.777777777777778e-08,1,8,2,dp,2,10,2,10860,9546,16037,1,2,1.0,40,0.5,19474.620000000003,5400.0,1.0,86400.0,7905.213550990105,1,2,1.0,40,0.5,11724.26000000001,7200.0,1.0,86400.0,8760.150180840239,2,2,2.0,50,1.0,19480.0,6300.0,1.0,86400.0,7227.385824247206,148.86905598640442
oa_het_135,30,5,2,5,3600,2.777777777777778e-06,5,8,4,dp,2,10,776,106208,102920,144917,3,307,3.0,9880,0.003865979381443299,635.8300000000017,194.8051948051948,1.0,86400.0,4750.606239185832,7,320,7.0,12280,0.00902061855670103,630.2819999999992,122.4718051679387,1.0,86400.0,4658.229560512039,9,331,9.0,13730,0.011597938144329897,460.0,136.65359945847752,1.0,86400.0,4259.888457708824,3172.2758297920227
oa_het_136,60,1,2,0.1,3600,2.777777777777778e-05,10,1,2,dp,2,10,15776,24838,23157,143404,343,1829,343.0,24070,0.02174188640973631,3546.4000000000015,1099.4169096209912,1.0,86400.0,30413.85621620247,611,1824,611.0,28260,0.03872971602434077,3488.9000000000015,1077.9097498246433,1.0,86400.0,29336.371093019585,3976,4677,3976.0,143670,0.25202839756592293,3600.0,910.2803441109527,1.0,22380.0,6588.488051899403,4231.135927915573
oa_het_137,10,1,2,1,3600,2.777777777777778e-06,1,8,4,dp,2,10,166,8400,8284,8580,0,41,0,1060,0.0,86400,86400,1.0,86400.0,12133.774218391982,0,41,0,1060,0.0,86400,86400,1.0,86400.0,12295.169201831493,0,41,0,1060,0.0,86400,86400,1.0,86400.0,12038.33641209757,399.5752384662628
oa_het_138,60,10,2,1,43200,2.777777777777778e-06,10,8,3,dp,2,10,1546,142824,118140,344014,911,1386,911.0,124410,0.5892626131953428,41164.58,4887.433713068282,1.0,86400.0,7177.780815153148,1072,1388,1072.0,188010,0.6934023285899095,41039.140000000014,4105.337239908465,1.0,86400.0,7334.785480510258,1198,1427,1198.0,287830,0.7749029754204398,40890.0,3317.4438824129015,1.0,86400.0,3691.321363514734,9276.067191362381
oa_het_139,10,5,2,0.01,43200,2.7777777777777776e-07,10,8,2,dp,2,10,161,6413,6268,24023,4,43,4.0,650,0.024844720496894408,39959.0,10620.0,1.0,86400.0,58961.19501751223,10,42,10.0,1160,0.062111801242236024,39978.0,11017.22033898305,1.0,86400.0,59741.802879193885,31,86,31.0,2120,0.19254658385093168,40960.0,11810.595184007268,1.0,86400.0,34325.661232396684,446.82268023490906
oa_het_140,60,5,2,1,43200,2.7777777777777776e-07,1,1,3,dp,2,10,15,21226,18733,32235,13,15,13.0,2100,0.8666666666666667,28069.850000000006,3503.1337892876354,1.0,14122.919999999998,3370.003888121949,13,15,13.0,2680,0.8666666666666667,28070.0,3592.5840000937783,1.0,42247.46,3736.2022202009043,13,15,13.0,3590,0.8666666666666667,28070.0,3255.4340658348165,1.0,14060.0,3084.0031347847757,367.17008686065674
oa_het_141,10,10,2,0.01,43200,2.7777777777777776e-07,5,4,4,dp,2,10,71,16191,16305,43446,5,54,5.0,1380,0.07042253521126761,31775.0,5019.428571428572,1.0,86400.0,23147.643001254244,10,59,10.0,2600,0.14084507042253522,21520.0,4229.673224037519,1.0,86400.0,23043.976520831442,20,64,20.0,3340,0.28169014084507044,32330.0,5095.831168831169,1.0,86400.0,11158.623951590953,867.6218445301056
oa_het_142,30,10,2,5,43200,2.7777777777777776e-07,1,8,3,dp,2,10,18,16765,16138,16502,15,18,15.0,1800,0.8333333333333334,27439.225999999995,5743.6828434723175,1.0,86400.0,7267.253763082131,15,18,15.0,1850,0.8333333333333334,27439.372000000003,5786.49817448277,1.0,86400.0,7496.3233407447715,15,18,15.0,1880,0.8333333333333334,27440.0,5666.49817448277,1.0,86400.0,7475.735490714359,232.35031723976135
oa_het_143,10,10,2,5,3600,2.777777777777778e-06,10,8,2,dp,2,10,1538,31007,31392,26399,53,147,53.0,2760,0.03446033810143043,3368.1879999999946,979.7931591161336,1.0,86400.0,34400.42374450459,54,149,54.0,2910,0.035110533159947985,3367.9140000000043,959.5129870129871,1.0,86400.0,34709.041092041254,48,148,48.0,2510,0.031209362808842653,3370.0,1003.6688311688313,1.0,86400.0,34729.086511107846,1079.8111565113068
oa_het_144,30,5,2,0.01,3600,2.777777777777778e-08,1,8,2,dp,2,10,3,2130,2477,6830,0,0,0,0,0.0,86400,86400,1.0,86400.0,30296.56265982149,0,0,0,0,0.0,86400,86400,1.0,86400.0,25887.74389885716,0,0,0,0,0.0,86400,86400,1.0,86400.0,13934.392166589862,65.98105001449585
oa_het_145,10,5,2,0.01,3600,2.7777777777777776e-07,1,1,3,dp,2,10,12,2707,2882,4490,0,0,0,0,0.0,86400,86400,1.0,86400.0,30030.677093174676,0,1,0,10,0.0,86400,86400,1.0,86400.0,28400.722473291058,0,1,0,10,0.0,86400,86400,1.0,86400.0,21938.86558759054,155.61646604537964
oa_het_146,60,10,2,1,3600,2.777777777777778e-08,10,8,4,dp,2,10,16,253345,220880,613700,1,9,1.0,460,0.0625,345.8899999999994,138.46153846153845,1.0,86400.0,4460.811294712073,1,9,1.0,410,0.0625,419.53999999999724,225.0,1.0,86400.0,4090.7757039109074,1,11,1.0,840,0.0625,90.0,84.88372093023256,1.0,86400.0,2355.656357803946,15202.46118092537
oa_het_147,60,1,2,0.1,43200,2.777777777777778e-08,10,1,3,dp,2,10,16,55501,51995,319033,5,14,5.0,550,0.3125,27418.999999999993,5777.454545454546,1.0,86400.0,17822.08812136662,11,16,11.0,1280,0.6875,24542.399999999994,4314.986831350468,1.0,86400.0,13731.43838785506,13,16,13.0,1990,0.8125,24650.0,3204.3554635409837,1.0,14060.0,3096.5562757562657,6042.685605287552
oa_het_149,60,10,2,5,21600,2.777777777777778e-05,10,8,4,dp,2,10,15701,296808,263417,621607,6030,14771,6030.0,1595380,0.3840519712120247,21077.364,1989.1767348656,1.0,86400.0,3385.0147283335436,6679,14780,6679.0,1799390,0.42538691803069867,21138.98199999999,1898.3794991714956,1.0,86400.0,3323.041623561983,8063,14988,8063.0,3340300,0.5135341697981021,21090.0,1480.8834765469692,1.0,86400.0,2279.5213580242385,28875.613547086716
oa_het_150,30,1,2,5,43200,2.777777777777778e-08,1,4,4,dp,2,10,1,26288,25312,27331,0,1,0,20,0.0,86400,86400,1.0,21839.856,3857.5276276620493,0,1,0,20,0.0,86400,86400,1.0,21850.135999999995,4013.3588553041423,0,1,0,20,0.0,86400,86400,1.0,21840.0,3826.266907345952,521.887510061264
oa_het_151,60,5,2,0.01,21600,2.777777777777778e-05,5,1,3,dp,2,10,7925,16857,17233,160924,328,4758,328.0,92300,0.04138801261829653,19641.0,3790.7848518052965,1.0,86400.0,23668.879901045533,768,4605,768.0,118850,0.09690851735015772,20705.0,3769.337634359906,1.0,86400.0,24862.37773375366,4075,7410,4075.0,852150,0.5141955835962145,20560.0,2074.7634362439585,1.0,14060.0,3101.0667961826393,2621.434177875519
oa_het_152,30,5,2,0.1,21600,2.777777777777778e-05,1,1,2,dp,2,10,1579,3745,3570,6115,504,1045,504.0,19710,0.31918936035465484,21390.699999999997,6223.908948194662,1.0,86400.0,17452.904530595228,495,1042,495.0,21490,0.3134895503483217,21510.0,5861.449701813338,1.0,86400.0,18300.758043319343,695,1170,695.0,31420,0.4401519949335022,21510.0,5670.725878278396,1.0,64230.0,13607.421518312103,80.1561062335968
oa_het_153,10,1,2,0.01,43200,2.777777777777778e-05,5,4,3,dp,2,10,7815,8003,8078,24353,289,4124,289.0,71540,0.03698016634676903,29603.0,7733.445643347193,1.0,86400.0,39197.9984951157,439,3983,439.0,82240,0.05617402431222009,30880.0,7317.03642651087,1.0,86400.0,41076.44431898023,1369,5931,1369.0,216160,0.17517594369801665,38150.0,6008.2560718752475,1.0,86400.0,20851.38840270596,562.8396933078766
oa_het_154,30,10,2,0.1,43200,2.777777777777778e-08,5,1,4,dp,2,10,8,54138,50476,125250,4,8,4.0,660,0.5,11975.100000000006,3293.106893106893,1.0,85267.90000000001,8177.646762130039,5,8,5.0,960,0.625,13386.800000000003,3279.74025974026,1.0,86400.0,8101.401038305926,5,8,5.0,1000,0.625,13670.0,3235.371687136393,1.0,21850.0,3831.999687428338,1858.0946869850159
oa_het_155,60,10,2,0.1,21600,2.7777777777777776e-07,5,1,2,dp,2,10,63,21705,20518,72474,14,45,14.0,810,0.2222222222222222,19841.6,5978.571428571428,1.0,86400.0,19494.453660001545,27,51,27.0,1720,0.42857142857142855,20580.600000000002,5186.680301645976,1.0,86400.0,16828.008549970196,56,59,56.0,3190,0.8888888888888888,20620.0,5188.3296183219145,1.0,22390.0,6594.231077320161,927.160787820816
oa_het_156,30,10,2,1,3600,2.7777777777777776e-07,10,8,2,dp,2,10,161,46878,43500,73103,11,36,11.0,670,0.06832298136645963,2880.119999999999,845.8441558441558,1.0,86400.0,18440.97702730067,18,35,18.0,960,0.11180124223602485,3345.699999999997,837.6934176934178,1.0,86400.0,19664.904600942893,24,40,24.0,1120,0.14906832298136646,3470.0,886.2012987012987,1.0,86400.0,13982.020827558814,1972.2106347084045
oa_het_157,10,1,2,5,43200,2.777777777777778e-08,1,8,3,dp,2,10,1,5567,5492,5679,0,0,0,0,0.0,86400,86400,1.0,86400.0,21008.82349120918,0,0,0,0,0.0,86400,86400,1.0,86400.0,21167.986488333547,0,0,0,0,0.0,86400,86400,1.0,86400.0,20776.75536266996,164.958172082901
oa_het_158,10,1,2,5,3600,2.777777777777778e-08,5,1,4,dp,2,10,8,31795,31379,39413,0,0,0,0,0.0,86400,86400,1.0,86400.0,14036.995677880228,0,0,0,0,0.0,86400,86400,1.0,86400.0,13341.709260548274,0,0,0,0,0.0,86400,86400,1.0,64640.0,11085.139216098474,1151.7508952617645
oa_het_159,60,1,2,0.01,21600,2.7777777777777776e-07,5,1,4,dp,2,10,73,27200,28685,285960,3,51,3.0,1430,0.0410958904109589,14950.0,3140.0,1.0,86400.0,14020.506613205744,20,63,20.0,7070,0.273972602739726,10210.0,1456.9964121556193,1.0,86400.0,10600.520591782893,38,70,38.0,15080,0.5205479452054794,10350.0,1360.0556846709449,1.0,10570.0,1763.5005454253233,3213.9324424266815
oa_het_160,30,1,2,0.01,43200,2.777777777777778e-06,1,4,3,dp,2,10,141,4542,5225,16300,27,119,27.0,3960,0.19148936170212766,31750.0,6272.097983317496,1.0,86400.0,17283.072578609153,67,120,67.0,8130,0.475177304964539,31196.0,5885.772477294718,1.0,86400.0,13361.344716509146,97,130,97.0,13930,0.6879432624113475,29050.0,5893.216142650067,1.0,29060.0,6586.7256441228965,198.87439823150635
oa_het_161,10,1,2,0.1,21600,2.777777777777778e-08,1,1,3,dp,2,10,1,4202,4163,4315,0,1,0,10,0.0,86400,86400,1.0,86400.0,22894.36497309877,0,1,0,10,0.0,86400,86400,1.0,86400.0,23087.698232114435,0,1,0,10,0.0,86400,86400,1.0,86400.0,22652.75581067325,160.24302673339844
oa_het_162,60,5,2,5,21600,2.777777777777778e-08,10,4,4,dp,2,10,10,238369,211998,614931,4,9,4.0,690,0.4,10556.632000000001,2565.0,1.0,86400.0,4246.738484365382,5,9,5.0,700,0.5,9953.731999999996,2614.2857142857147,1.0,86400.0,3369.724641098504,5,9,5.0,820,0.5,9940.0,2244.0,1.0,86400.0,1843.3769909659668,16260.799523591995
oa_het_163,30,5,2,0.1,21600,2.777777777777778e-08,5,4,3,dp,2,10,10,28316,25724,76726,0,8,0,170,0.0,86400,86400,1.0,86400.0,14103.17100956481,3,9,3.0,500,0.3,14021.800000000003,3200.0,1.0,86400.0,14523.670944905534,3,10,3.0,590,0.3,14060.0,3184.6153846153848,1.0,86400.0,6710.835474417577,1076.6148760318756
oa_het_164,60,1,2,1,3600,2.777777777777778e-08,1,4,3,dp,2,10,1,22603,19940,33677,0,0,0,0,0.0,86400,86400,1.0,14735.919999999991,3441.0480960798163,0,0,0,0,0.0,86400,86400,1.0,51040.35,3819.4750842597505,0,0,0,0,0.0,86400,86400,1.0,14060.0,3094.667696690375,380.4847559928894
oa_het_165,30,5,2,0.01,43200,2.7777777777777776e-07,5,8,3,dp,2,10,82,12831,12734,84790,15,53,15.0,1360,0.18292682926829268,29112.0,8341.538461538461,1.0,86400.0,28942.466867914813,35,58,35.0,5590,0.4268292682926829,29086.0,5826.953177097583,1.0,86400.0,28666.531898162724,65,77,65.0,10230,0.7926829268292683,30240.0,5602.832151898909,1.0,86400.0,7129.8748586369675,828.8613810539246
oa_het_166,60,5,2,0.01,43200,2.777777777777778e-06,5,8,4,dp,2,10,753,33045,28330,285887,147,673,147.0,31310,0.1952191235059761,28692.0,4872.653721109041,1.0,86400.0,12335.57581687527,389,657,389.0,72970,0.5166002656042497,31742.0,3517.5354682883826,1.0,86400.0,13493.374793342522,589,722,589.0,256250,0.7822045152722443,37390.0,1932.3298386759425,1.0,86400.0,2321.515880180135,3393.9224343299866
oa_het_167,60,10,2,0.1,3600,2.777777777777778e-06,5,8,3,dp,2,10,798,50255,43165,173595,8,261,8.0,5600,0.010025062656641603,1849.300000000003,559.8214285714286,1.0,86400.0,9485.29715852608,24,267,24.0,8610,0.03007518796992481,2746.5999999999985,422.56603690427215,1.0,86400.0,9089.061663675202,39,345,39.0,18010,0.04887218045112782,1820.0,239.7347953509361,1.0,86400.0,3536.405242099231,2505.3184626102448
oa_het_168,30,10,2,0.01,21600,2.777777777777778e-05,1,1,2,dp,2,10,1590,1901,2226,6235,194,753,194.0,11130,0.1220125786163522,21183.0,6238.762886597938,1.0,86400.0,33742.49234119597,303,831,303.0,14770,0.19056603773584907,21542.0,6048.541359630469,1.0,86400.0,29747.33013275244,724,1223,724.0,34200,0.45534591194968554,21500.0,5664.406523052343,1.0,64290.0,13539.590683870398,73.09915113449097
oa_het_169,60,1,2,0.1,43200,2.777777777777778e-05,5,4,4,dp,2,10,7764,76687,72656,308546,3518,7234,3518.0,713640,0.4531169500257599,41442.5,3542.098853654447,1.0,86400.0,6369.853410652759,4536,7260,4536.0,824220,0.5842349304482226,40331.5,3542.4949244306313,1.0,86400.0,5712.9836743663855,6093,7484,6093.0,2869510,0.7847758887171561,42440.0,1937.3920232330536,1.0,86400.0,1844.4750537565922,6460.006017208099
oa_het_170,10,5,2,0.1,3600,2.777777777777778e-06,1,1,2,dp,2,10,147,1861,1839,1920,3,9,3.0,140,0.02040816326530612,2403.300000000003,1040.0,1.0,86400.0,34707.30828797392,3,9,3.0,150,0.02040816326530612,2370.0,940.0,1.0,86400.0,35035.0697313236,3,9,3.0,150,0.02040816326530612,2370.0,940.0,1.0,86400.0,34457.51376876764,53.87466883659363
oa_het_171,10,10,2,5,3600,2.7777777777777776e-07,1,4,3,dp,2,10,20,5190,5132,5124,0,2,0,30,0.0,86400,86400,1.0,86400.0,19414.57582315037,0,2,0,30,0.0,86400,86400,1.0,86400.0,19594.297855274515,0,3,0,40,0.0,86400,86400,1.0,86400.0,19341.894033926437,167.0050172805786
oa_het_172,10,1,2,0.1,3600,2.777777777777778e-05,5,8,2,dp,2,10,7888,7887,7432,14150,162,607,162.0,8380,0.020537525354969575,3549.4000000000087,1117.037037037037,1.0,86400.0,38396.91638206374,185,596,185.0,9340,0.023453346855983773,3540.5999999999985,1028.8030888030887,1.0,86400.0,39159.78711541149,313,726,313.0,14260,0.03968052738336714,3540.0,980.8833658354425,1.0,86400.0,33927.13650919758,334.97566056251526
oa_het_173,10,10,2,1,3600,2.777777777777778e-05,1,1,2,dp,2,10,1586,1930,1908,1964,43,125,43.0,1790,0.02711223203026482,3302.6500000000087,1128.8372093023256,1.0,86400.0,33970.744712803535,43,123,43.0,1770,0.02711223203026482,3308.570000000007,1128.8372093023256,1.0,86400.0,34149.14496179202,43,126,43.0,1810,0.02711223203026482,3310.0,1121.860465116279,1.0,86400.0,33774.98140204023,58.98008370399475
oa_het_174,10,1,2,1,43200,2.7777777777777776e-07,1,1,2,dp,2,10,11,1920,1900,1946,4,5,4.0,170,0.36363636363636365,32030.0,10560.0,1.0,86400.0,34164.02905602596,4,5,4.0,170,0.36363636363636365,32030.0,10560.0,1.0,86400.0,34429.064459219255,4,5,4.0,170,0.36363636363636365,32030.0,10560.0,1.0,86400.0,33908.21824660834,52.71515154838562
oa_het_175,10,10,2,5,43200,2.7777777777777776e-07,10,1,4,dp,2,10,146,92821,92289,79446,43,131,43.0,9650,0.2945205479452055,32409.652000000006,3779.9775581649333,1.0,86400.0,11177.088653893268,46,130,46.0,10050,0.3150684931506849,32410.284,3932.223463443588,1.0,86400.0,11248.362515388839,43,134,43.0,7850,0.2945205479452055,32410.0,4413.338223331912,1.0,64650.0,11017.300476881268,3297.793311357498
oa_het_176,10,5,2,1,3600,2.777777777777778e-06,1,4,3,dp,2,10,130,5032,4966,5105,1,19,1.0,400,0.007692307692307693,2380.0,600.0,1.0,86400.0,21071.097203764824,1,19,1.0,410,0.007692307692307693,2380.0,600.0,1.0,86400.0,21322.847992024,1,19,1.0,410,0.007692307692307693,2380.0,600.0,1.0,86400.0,20898.18330860092,163.6514449119568
oa_het_177,10,10,2,0.1,3600,2.777777777777778e-05,10,1,4,dp,2,10,15496,69387,64599,79285,0,3253,0,67750,0.0,86400,86400,1.0,86400.0,15476.288927301994,0,3135,0,66880,0.0,86400,86400,1.0,86400.0,17407.20987105564,0,3852,0,76480,0.0,86400,86400,1.0,64650.0,11066.12347058668,4147.733247041702
oa_het_178,30,1,2,5,21600,2.7777777777777776e-07,10,1,3,dp,2,10,137,61810,59540,140124,22,96,22.0,2850,0.16058394160583941,14058.347999999998,3483.4819725728817,1.0,86400.0,19286.307681999384,30,106,30.0,5450,0.21897810218978103,14063.98000000001,2658.031198281097,1.0,86400.0,15239.299171900831,42,123,42.0,6860,0.30656934306569344,14060.0,2858.57721993073,1.0,43100.0,6626.515539618635,3762.237179994583
oa_het_179,60,10,2,1,21600,2.7777777777777776e-07,10,4,2,dp,2,10,160,63097,55462,156550,75,111,75.0,3160,0.46875,21301.739999999998,5443.403796203796,1.0,86400.0,13459.584580957166,92,116,92.0,6280,0.575,20963.03,4813.179609739604,1.0,86400.0,13501.232975294257,132,136,132.0,8510,0.825,21380.0,4875.967504725395,1.0,86400.0,6670.99110493376,3767.3878881931305
oa_het_180,30,10,2,5,43200,2.777777777777778e-05,5,1,3,dp,2,10,7798,55307,53704,69500,4499,6970,4499.0,496100,0.5769428058476532,35429.80799999999,5948.1696599466395,1.0,86400.0,8455.496584363076,4494,6965,4494.0,513730,0.5763016157989228,35429.80799999999,5955.982875585995,1.0,86400.0,8467.274085281955,5281,7128,5281.0,620400,0.6772249294690946,35430.0,6001.586523399619,1.0,43110.0,6621.7381000859505,2169.859643936157
oa_het_181,60,10,2,5,43200,2.777777777777778e-05,5,1,2,dp,2,10,7807,38415,34576,71170,5724,6693,5724.0,344880,0.7331881644677853,43149.72,8290.318344269326,1.0,86400.0,10175.854738918677,5629,6625,5629.0,351300,0.721019597796849,43134.56599999999,8310.865628995956,1.0,86400.0,11234.672421468063,6927,7007,6927.0,644400,0.8872806455744844,43150.0,7284.77304511803,1.0,22390.0,6596.852968881578,1772.8392248153687
oa_het_182,10,1,2,1,21600,2.777777777777778e-08,10,4,2,dp,2,10,16,17018,16766,21858,0,6,0,70,0.0,86400,86400,1.0,86400.0,37299.85700413653,1,7,1.0,90,0.0625,19400.690000000002,7200.0,1.0,86400.0,37271.89655286872,2,8,2.0,120,0.125,18940.0,5400.0,1.0,86400.0,34005.446815245254,830.6176996231079
oa_het_183,10,5,2,5,21600,2.777777777777778e-05,5,1,4,dp,2,10,7772,36267,35900,40063,635,6037,635.0,193510,0.08170355120946989,11201.251999999993,2687.8870813779986,1.0,86400.0,12648.882187812444,657,6034,657.0,200680,0.08453422542460114,11181.207999999999,2616.2580853989894,1.0,86400.0,12454.139580940424,809,6299,809.0,213270,0.10409161091096243,11200.0,2784.0384081448583,1.0,64640.0,11039.737758425481,1630.1410357952118
oa_het_184,10,10,2,0.1,21600,2.777777777777778e-06,10,1,2,dp,2,10,1577,17481,16353,19898,184,514,184.0,9300,0.11667723525681674,21305.0,5672.934782608696,1.0,86400.0,41278.19498973768,188,498,188.0,9160,0.1192136968928345,21240.0,5615.33434650456,1.0,86400.0,43590.894792757754,245,606,245.0,10450,0.1553582752060875,21240.0,5988.594752186589,1.0,86400.0,33941.272141003385,647.7451791763306
oa_het_185,60,1,2,0.01,43200,2.777777777777778e-08,10,8,3,dp,2,10,16,26711,24741,350409,2,11,2.0,240,0.125,20258.0,7800.0,1.0,86400.0,26212.915528415273,6,10,6.0,1280,0.375,13601.0,3608.3916083916083,1.0,86400.0,28355.61921063241,12,16,12.0,2950,0.75,16970.0,3236.751143593249,1.0,86400.0,3535.3105828351254,5471.681608438492
oa_het_186,10,5,2,5,21600,2.777777777777778e-05,1,4,3,dp,2,10,1543,4697,4628,4753,105,961,105.0,23010,0.06804925469863901,14999.630000000005,3067.631940507236,1.0,86400.0,20564.138976155864,103,955,103.0,22650,0.06675307841866494,14999.948000000004,3079.9892619798734,1.0,86400.0,20841.342640919247,104,959,104.0,23000,0.06740116655865197,15000.0,3061.2269963772,1.0,86400.0,20462.378005762617,174.67755794525146
oa_het_187,30,10,2,0.1,3600,2.777777777777778e-05,5,4,4,dp,2,10,7594,56461,49682,138015,30,2615,30.0,53870,0.0039504872267579665,1794.5999999999985,319.57901729445683,1.0,86400.0,7803.389776305556,53,2453,53.0,62780,0.006979194100605741,2793.6000000000004,258.9530012201225,1.0,86400.0,8086.841588248293,86,3253,86.0,134320,0.011324730050039505,2210.0,180.80435577238995,1.0,86400.0,3943.3983787093794,3047.6073219776154
oa_het_188,30,10,2,0.01,3600,2.777777777777778e-06,5,8,4,dp,2,10,802,25999,25659,145944,2,168,2.0,2390,0.0024937655860349127,1419.0,438.46153846153845,1.0,86400.0,16818.61644729751,3,205,3.0,3540,0.003740648379052369,2163.0,460.0,1.0,86400.0,14850.232296304943,11,357,11.0,15140,0.01371571072319202,870.0,185.1976220379768,1.0,86400.0,4169.3231739767625,1671.4210078716278
oa_het_189,60,1,2,1,21600,2.777777777777778e-06,5,4,3,dp,2,10,776,74376,61870,171452,292,683,292.0,42050,0.37628865979381443,19475.75,2715.6152618903243,1.0,86400.0,6009.004796585909,336,691,336.0,64480,0.4329896907216495,19475.75,2202.3809572752907,1.0,86400.0,5884.861141273356,419,716,419.0,94860,0.5399484536082474,19380.0,2025.7178866222796,1.0,86400.0,3189.541387127915,3009.3303706645966
oa_het_190,30,10,2,0.01,21600,2.777777777777778e-05,10,8,4,dp,2,10,15444,45575,43385,290691,408,9744,408.0,240490,0.02641802641802642,19855.0,2027.7275879593915,1.0,86400.0,21235.4381267489,587,8945,587.0,270930,0.03800828800828801,18260.0,2289.228461813801,1.0,86400.0,25239.34911388385,6160,14506,6160.0,1530990,0.39886039886039887,20780.0,2807.467172237639,1.0,86400.0,4450.491916810764,7855.4579792022705
oa_het_191,30,1,2,5,3600,2.777777777777778e-06,1,1,2,dp,2,10,141,5701,5480,6244,18,27,18.0,660,0.1276595744680851,3240.01,936.6666666666666,1.0,64264.827999999994,13720.520474299881,17,27,17.0,620,0.12056737588652482,3240.0,963.5294117647059,1.0,64316.402,14252.083742857085,19,28,19.0,680,0.1347517730496454,3530.0,950.7017543859648,1.0,64260.0,13573.387795547802,79.56651639938354
oa_het_192,10,1,2,1,43200,2.777777777777778e-06,5,8,2,dp,2,10,792,10334,10184,12795,180,431,180.0,8660,0.22727272727272727,42695.79,11939.415251415252,1.0,86400.0,34963.95250424092,185,427,185.0,9450,0.2335858585858586,42696.26,11718.374261226434,1.0,86400.0,35285.72875788735,188,438,188.0,9810,0.23737373737373738,42700.0,11585.259291027876,1.0,86400.0,34116.172222488734,306.4083218574524
oa_het_193,30,10,2,0.01,43200,2.777777777777778e-08,10,4,3,dp,2,10,14,22744,23455,154027,1,10,1.0,580,0.07142857142857142,3342.0,1004.6511627906976,1.0,86400.0,34201.58093862852,4,9,4.0,2080,0.2857142857142857,25555.0,4862.068965517241,1.0,86400.0,33662.05835952702,9,13,9.0,3560,0.6428571428571429,27250.0,5467.599694423224,1.0,86400.0,6642.370927197023,2293.018321275711
oa_het_194,60,1,2,0.1,43200,2.777777777777778e-06,10,8,2,dp,2,10,1645,29645,25873,152300,535,1140,535.0,29480,0.3252279635258359,42496.6,10416.066728214064,1.0,86400.0,24381.420634688377,755,1108,755.0,48420,0.45896656534954405,42579.899999999994,9048.788130555242,1.0,86400.0,26892.849715883647,1455,1476,1455.0,157370,0.8844984802431611,43090.0,7340.659198679725,1.0,86400.0,7111.805195732908,3048.6431653499603
oa_het_195,60,10,2,1,21600,2.777777777777778e-06,5,1,4,dp,2,10,754,149323,131682,290036,263,710,263.0,73110,0.34880636604774534,20397.03,1821.9063167570366,1.0,86400.0,3158.587307944837,336,713,336.0,114110,0.44562334217506633,19297.289999999994,1652.7466961509622,1.0,35328.11,2884.576365672977,377,722,377.0,146920,0.5,19300.0,1465.5307041884414,1.0,10570.0,1762.1657970855156,5149.418570995331
oa_het_196,60,1,2,1,3600,2.7777777777777776e-07,5,1,2,dp,2,10,83,29424,25288,71242,6,10,6.0,230,0.07228915662650602,2873.8399999999965,970.0,1.0,86400.0,14157.026893115575,8,12,8.0,280,0.0963855421686747,2872.029999999999,967.5,1.0,86400.0,12599.377655583407,14,17,14.0,450,0.1686746987951807,3340.0,981.4285714285714,1.0,22380.0,6588.7241839151,1070.259316444397
oa_het_197,30,5,2,0.1,21600,2.777777777777778e-06,10,4,2,dp,2,10,1511,20667,18738,68699,166,668,166.0,10240,0.10986101919258769,21434.700000000004,6302.501053163704,1.0,86400.0,31367.131158473872,241,650,241.0,14170,0.15949702183984116,21143.5,5486.656063635826,1.0,86400.0,34907.63631109726,680,1157,680.0,34440,0.4500330906684315,21450.0,5623.142736361023,1.0,86400.0,13595.09165263583,1377.4824433326721
oa_het_198,30,1,2,0.01,43200,2.7777777777777776e-07,5,1,2,dp,2,10,80,4256,4902,30949,4,27,4.0,340,0.05,32252.0,12600.0,1.0,86400.0,51271.651397300804,15,29,15.0,1140,0.1875,40330.0,8676.66451195863,1.0,86400.0,49782.62216336646,45,63,45.0,2600,0.5625,41440.0,10128.812131749251,1.0,64290.0,13575.393755525305,295.6527135372162
oa_het_199,60,5,2,5,43200,2.7777777777777776e-07,5,4,3,dp,2,10,83,87680,77996,173486,60,76,60.0,8350,0.7228915662650602,29050.233999999997,4206.840781286671,1.0,86400.0,4729.957054064792,66,76,66.0,15280,0.7951807228915663,27299.441999999995,3430.785764618939,1.0,86400.0,4713.888934192827,69,77,69.0,17520,0.8313253012048193,27300.0,3224.178348112211,1.0,86400.0,3118.25102749074,3138.499546289444
