name,for,fov,constellation_size,agility,event_duration,event_frequency,event_density,event_clustering,num_event_types,planner,reobserve_reward,reward,events,init_obs_count,replan_obs_count,vis_count,init_event_obs_count,init_events_seen,init_event_reward,init_planner_reward,init_perc_cov,init_max_rev,init_avg_rev,init_all_perc_cov,init_all_max_rev,init_all_avg_rev,replan_event_obs_count,replan_events_seen,replan_event_reward,replan_planner_reward,replan_perc_cov,replan_max_rev,replan_avg_rev,replan_all_perc_cov,replan_all_max_rev,replan_all_avg_rev,diff_perc_cov,diff_num_coobs,diff_avg_rev,init percent coverage of possible events,replan percent coverage of possible events,diff percent coverage of possible events,vis_event_obs_count,vis_events_seen,vis_event_reward,vis_planner_reward,vis_perc_cov,vis_max_rev,vis_avg_rev,vis_all_perc_cov,vis_all_max_rev,vis_all_avg_rev,time
oa_het_112,60,1,2,0.01,21600,2.78E-06,1,1,4,dp,2,10,148,12117,13374,57067,20,140,20,6060,0.135135135,10818,2301.888312,1,86400,6569.828239,54,143,54,16000,0.364864865,15881,1882.246687,1,31932,4744.738136,0.22972973,34,-419.6416247,0.25974026,0.701298701,0.441558442,77,143,77,28570,0.52027027,14000,1526.128771,1,10530,1766.901689,683.4773533
oa_het_115,10,1,2,0.01,21600,2.78E-06,1,8,2,dp,2,10,159,1356,1389,2466,12,51,12,680,0.075471698,20928,6600,1,86400,41871.82497,18,50,18,910,0.113207547,20457,5744.761905,1,86400,41042.70357,0.037735849,6,-855.2380952,0.48,0.72,0.24,25,57,25,1090,0.157232704,20600,5717.828571,1,86400,33607.60792,50.82569027
oa_het_153,10,1,2,0.01,43200,2.78E-05,5,4,3,dp,2,10,7815,8003,8078,24353,289,4124,289,71540,0.036980166,29603,7733.445643,1,86400,39197.9985,439,3983,439,82240,0.056174024,30880,7317.036427,1,86400,41076.44432,0.019193858,150,-416.4092168,0.211102995,0.320672023,0.109569028,1369,5931,1369,216160,0.175175944,38150,6008.256072,1,86400,20851.3884,562.8396933
oa_het_159,60,1,2,0.01,21600,2.78E-07,5,1,4,dp,2,10,73,27200,28685,285960,3,51,3,1430,0.04109589,14950,3140,1,86400,14020.50661,20,63,20,7070,0.273972603,10210,1456.996412,1,86400,10600.52059,0.232876712,17,-1683.003588,0.078947368,0.526315789,0.447368421,38,70,38,15080,0.520547945,10350,1360.055685,1,10570,1763.500545,3213.932442
oa_het_16,30,1,2,0.01,21600,2.78E-08,5,8,3,dp,2,10,4,12138,12899,83528,0,2,0,50,0,86400,86400,1,86400,28580.79664,1,4,1,180,0.25,9323,1800,1,86400,27373.38594,0.25,1,-84600,0,1,1,1,4,1,220,0.25,12100,1661.538462,1,86400,7068.097619,813.4429092
oa_het_160,30,1,2,0.01,43200,2.78E-06,1,4,3,dp,2,10,141,4542,5225,16300,27,119,27,3960,0.191489362,31750,6272.097983,1,86400,17283.07258,67,120,67,8130,0.475177305,31196,5885.772477,1,86400,13361.34472,0.283687943,40,-386.325506,0.278350515,0.690721649,0.412371134,97,130,97,13930,0.687943262,29050,5893.216143,1,29060,6586.725644,198.8743982
oa_het_185,60,1,2,0.01,43200,2.78E-08,10,8,3,dp,2,10,16,26711,24741,350409,2,11,2,240,0.125,20258,7800,1,86400,26212.91553,6,10,6,1280,0.375,13601,3608.391608,1,86400,28355.61921,0.25,4,-4191.608392,0.166666667,0.5,0.333333333,12,16,12,2950,0.75,16970,3236.751144,1,86400,3535.310583,5471.681608
oa_het_198,30,1,2,0.01,43200,2.78E-07,5,1,2,dp,2,10,80,4256,4902,30949,4,27,4,340,0.05,32252,12600,1,86400,51271.6514,15,29,15,1140,0.1875,40330,8676.664512,1,86400,49782.62216,0.1375,11,-3923.335488,0.088888889,0.333333333,0.244444444,45,63,45,2600,0.5625,41440,10128.81213,1,64290,13575.39376,295.6527135
oa_het_34,60,1,2,0.01,3600,2.78E-08,5,4,2,dp,2,10,9,7895,8063,78248,0,1,0,10,0,86400,86400,1,86400,35756.53714,0,1,0,10,0,86400,86400,1,86400,36565.13387,0,0,0,0,0,0,3,3,3,100,0.333333333,2210,900,1,86400,6607.558161,766.3499386
oa_het_53,10,1,2,0.01,43200,2.78E-05,1,1,4,dp,2,10,1563,4707,5005,7809,210,1315,210,43190,0.134357006,32362,4929.425293,1,86400,16022.72149,268,1324,268,51840,0.171465131,32703,4802.699973,1,86400,15060.56543,0.037108125,58,-126.72532,0.564516129,0.720430108,0.155913978,372,1393,372,70590,0.238003839,32420,4835.462807,1,43000,11008.78895,402.2055731
oa_het_56,60,1,2,0.01,3600,2.78E-05,1,8,3,dp,2,10,1516,7246,7229,35484,12,473,12,6800,0.007915567,2534,710.7142857,1,86400,10924.97687,24,512,24,9580,0.015831135,2435,551.8414918,1,86400,9602.490853,0.007915568,12,-158.8727939,0.193548387,0.387096774,0.193548387,62,664,62,33790,0.040897098,2690,223.7563999,1,86400,3868.375377,359.2373016
oa_het_87,30,1,2,0.01,3600,2.78E-05,5,1,3,dp,2,10,7834,9430,10332,69010,0,807,0,8980,0,86400,86400,1,86400,34711.47692,0,900,0,12080,0,86400,86400,1,86400,33786.88305,0,0,0,0,0,0,2,2401,2,66710,0.000255297,540,300,1,43110,6615.091183,1091.884406
oa_het_9,60,1,2,0.01,21600,2.78E-05,10,4,2,dp,2,10,15456,11396,10161,153190,713,4971,713,63470,0.046130952,21540,6527.401322,1,86400,43630.04961,1017,4244,1017,63780,0.065799689,21492,6230.806421,1,86400,52124.85841,0.019668737,304,-296.594901,0.052647124,0.075094145,0.022447021,13543,13902,13543,793560,0.876229296,21600,5187.538992,1,86400,6615.647294,3859.394604
oa_het_90,30,1,2,0.01,43200,2.78E-05,10,8,2,dp,2,10,15634,8053,7710,71506,959,5465,959,74430,0.061340668,42963,12702.21687,1,86400,52119.52418,1322,4787,1322,79320,0.084559294,42792,12090.06887,1,86400,57758.41329,0.023218626,363,-612.1479963,0.098338802,0.135561936,0.037223134,9752,13114,9752,641670,0.623768709,43200,10232.21904,1,86400,14173.67655,1694.481683
oa_het_99,10,1,2,0.01,21600,2.78E-07,10,8,3,dp,2,10,144,12775,13062,53630,0,43,0,510,0,86400,86400,1,86400,44290.66089,2,37,2,670,0.013888889,14656,4860,1,86400,45267.0252,0.013888889,2,-81540,0,0.285714286,0.285714286,7,85,7,1640,0.048611111,14960,3691.836735,1,86400,20702.52872,1053.073752
oa_het_100,10,1,2,0.1,43200,2.78E-07,5,1,3,dp,2,10,80,13258,12666,22072,15,56,15,1470,0.1875,25828.3,7566.785215,1,86400,31792.47714,18,56,18,1940,0.225,25819.6,6403.508665,1,86400,33696.20125,0.0375,3,-1163.27655,0.789473684,0.947368421,0.157894737,19,63,19,2300,0.2375,25860,6253.627379,1,86400,22557.24299,506.5738742
oa_het_101,30,1,2,0.1,43200,2.78E-06,10,8,4,dp,2,10,1534,77564,67581,280947,375,1343,375,69370,0.244458931,39089.4,5063.069775,1,86400,11144.67668,763,1326,763,125780,0.497392438,37781,4536.298171,1,86400,11515.0711,0.252933507,388,-526.7716041,0.331272085,0.674028269,0.342756184,1132,1441,1132,248130,0.737940026,41490,3925.779232,1,86400,4417.142411,6097.717704
oa_het_108,10,1,2,0.1,21600,2.78E-08,10,8,4,dp,2,10,7,50586,46845,103658,2,6,2,160,0.285714286,10523,4320,1,86400,15619.5591,3,6,3,170,0.428571429,10575.7,4320,1,86400,16004.2048,0.142857143,1,0,0.5,0.75,0.25,4,6,4,180,0.571428571,10570,4320,1,86400,11501.46454,2943.547915
oa_het_109,30,1,2,0.1,3600,2.78E-08,10,8,2,dp,2,10,11,19446,18210,68113,0,1,0,10,0,86400,86400,1,86400,32346.86332,0,1,0,10,0,86400,86400,1,86400,34191.50135,0,0,0,0,0,0,2,2,2,50,0.181818182,3450,1050,1,86400,14245.42192,1296.836302
oa_het_122,60,1,2,0.1,21600,2.78E-05,1,4,4,dp,2,10,1561,26914,24718,64138,514,1488,514,134340,0.329276105,12665.3,2080.859061,1,32772.2,3281.332392,596,1476,596,162470,0.381806534,13350.5,2000.656813,1,31704.8,3129.199779,0.052530429,82,-80.20224755,0.661518662,0.767052767,0.105534106,777,1488,777,304060,0.497757848,20220,1534.457408,1,10570,1760.59314,865.3994803
oa_het_136,60,1,2,0.1,3600,2.78E-05,10,1,2,dp,2,10,15776,24838,23157,143404,343,1829,343,24070,0.021741886,3546.4,1099.41691,1,86400,30413.85622,611,1824,611,28260,0.038729716,3488.9,1077.90975,1,86400,29336.37109,0.01698783,268,-21.5071598,0.086267606,0.153672032,0.067404427,3976,4677,3976,143670,0.252028398,3600,910.2803441,1,22380,6588.488052,4231.135928
oa_het_147,60,1,2,0.1,43200,2.78E-08,10,1,3,dp,2,10,16,55501,51995,319033,5,14,5,550,0.3125,27419,5777.454545,1,86400,17822.08812,11,16,11,1280,0.6875,24542.4,4314.986831,1,86400,13731.43839,0.375,6,-1462.467714,0.384615385,0.846153846,0.461538462,13,16,13,1990,0.8125,24650,3204.355464,1,14060,3096.556276,6042.685605
oa_het_169,60,1,2,0.1,43200,2.78E-05,5,4,4,dp,2,10,7764,76687,72656,308546,3518,7234,3518,713640,0.45311695,41442.5,3542.098854,1,86400,6369.853411,4536,7260,4536,824220,0.58423493,40331.5,3542.494924,1,86400,5712.983674,0.13111798,1018,0.396070776,0.577383883,0.744460857,0.167076974,6093,7484,6093,2869510,0.784775889,42440,1937.392023,1,86400,1844.475054,6460.006017
oa_het_172,10,1,2,0.1,3600,2.78E-05,5,8,2,dp,2,10,7888,7887,7432,14150,162,607,162,8380,0.020537525,3549.4,1117.037037,1,86400,38396.91638,185,596,185,9340,0.023453347,3540.6,1028.803089,1,86400,39159.78712,0.002915822,23,-88.23394823,0.517571885,0.591054313,0.073482428,313,726,313,14260,0.039680527,3540,980.8833658,1,86400,33927.13651,334.9756606
oa_het_194,60,1,2,0.1,43200,2.78E-06,10,8,2,dp,2,10,1645,29645,25873,152300,535,1140,535,29480,0.325227964,42496.6,10416.06673,1,86400,24381.42063,755,1108,755,48420,0.458966565,42579.9,9048.788131,1,86400,26892.84972,0.133738602,220,-1367.278598,0.367697595,0.518900344,0.151202749,1455,1476,1455,157370,0.88449848,43090,7340.659199,1,86400,7111.805196,3048.643165
oa_het_27,30,1,2,0.1,43200,2.78E-06,5,1,4,dp,2,10,775,41225,36434,123820,197,690,197,38730,0.254193548,32368.2,4782.767865,1,86400,10324.01337,386,684,386,68120,0.498064516,32266.6,4294.137584,1,86400,10625.7106,0.243870968,189,-488.630281,0.347442681,0.680776014,0.333333333,567,737,567,112100,0.731612903,36100,3979.998101,1,21790,3835.772718,1792.491345
oa_het_49,30,1,2,0.1,21600,2.78E-07,1,4,2,dp,2,10,15,4048,3785,6725,7,12,7,240,0.466666667,20231.7,6274.285714,1,86400,17158.18749,8,12,8,310,0.533333333,17410,5425.714286,1,86400,17548.9681,0.066666666,1,-848.571428,0.875,1,0.125,8,12,8,370,0.533333333,17410,5160,1,86400,13635.00009,72.14839673
oa_het_76,30,1,2,0.1,43200,2.78E-06,5,4,3,dp,2,10,745,27250,24140,75545,223,619,223,23830,0.299328859,29826.6,7174.103269,1,86400,14490.68925,329,607,329,37750,0.441610738,33323.2,6428.401065,1,86400,15604.7866,0.142281879,106,-745.7022041,0.452332657,0.667342799,0.215010142,493,678,493,64770,0.661744966,41400,6045.021588,1,86400,6679.984854,1082.413135
oa_het_89,60,1,2,0.1,21600,2.78E-05,10,4,3,dp,2,10,15619,64835,58746,344672,2161,11766,2161,340930,0.138357129,19973.6,3486.542621,1,86400,14479.5692,2966,11309,2966,413780,0.18989692,16755.6,3217.361417,1,86400,14643.2687,0.051539791,805,-269.181204,0.263568728,0.361751433,0.098182705,8199,14654,8199,1793850,0.524937576,20800,2083.618994,1,86400,3194.33156,11264.96114
oa_het_111,30,1,2,1,43200,2.78E-05,1,8,3,dp,2,10,1522,12759,12162,15136,1032,1405,1032,113500,0.678055191,38403.41,6228.944591,1,86400,7063.316823,1002,1400,1002,113510,0.658344284,38403.41,6261.544571,1,86400,7342.11064,-0.019710907,-30,32.59998008,0.991354467,0.962536023,-0.028818444,1041,1406,1041,134780,0.683968463,38410,6098.487308,1,86400,6894.50394,255.1818786
oa_het_125,30,1,2,1,21600,2.78E-06,1,8,3,dp,2,10,168,13560,12854,16127,55,147,55,6290,0.327380952,14930.11,3464.104858,1,86400,7107.411532,53,146,53,7110,0.31547619,14900,3427.967206,1,86400,7377.309914,-0.011904762,-2,-36.13765155,1,0.963636364,-0.036363636,55,147,55,7740,0.327380952,14900,3327.821289,1,86400,6942.6467,232.2335346
oa_het_174,10,1,2,1,43200,2.78E-07,1,1,2,dp,2,10,11,1920,1900,1946,4,5,4,170,0.363636364,32030,10560,1,86400,34164.02906,4,5,4,170,0.363636364,32030,10560,1,86400,34429.06446,0,0,0,1,1,0,4,5,4,170,0.363636364,32030,10560,1,86400,33908.21825,52.71515155
oa_het_182,10,1,2,1,21600,2.78E-08,10,4,2,dp,2,10,16,17018,16766,21858,0,6,0,70,0,86400,86400,1,86400,37299.857,1,7,1,90,0.0625,19400.69,7200,1,86400,37271.89655,0.0625,1,-79200,0,0.5,0.5,2,8,2,120,0.125,18940,5400,1,86400,34005.44682,830.6176996
oa_het_189,60,1,2,1,21600,2.78E-06,5,4,3,dp,2,10,776,74376,61870,171452,292,683,292,42050,0.37628866,19475.75,2715.615262,1,86400,6009.004797,336,691,336,64480,0.432989691,19475.75,2202.380957,1,86400,5884.861141,0.056701031,44,-513.2343046,0.696897375,0.801909308,0.105011933,419,716,419,94860,0.539948454,19380,2025.717887,1,86400,3189.541387,3009.330371
oa_het_192,10,1,2,1,43200,2.78E-06,5,8,2,dp,2,10,792,10334,10184,12795,180,431,180,8660,0.227272727,42695.79,11939.41525,1,86400,34963.9525,185,427,185,9450,0.233585859,42696.26,11718.37426,1,86400,35285.72876,0.006313131,5,-221.0409902,0.957446809,0.984042553,0.026595745,188,438,188,9810,0.237373737,42700,11585.25929,1,86400,34116.17222,306.4083219
oa_het_196,60,1,2,1,3600,2.78E-07,5,1,2,dp,2,10,83,29424,25288,71242,6,10,6,230,0.072289157,2873.84,970,1,86400,14157.02689,8,12,8,280,0.096385542,2872.03,967.5,1,86400,12599.37766,0.024096386,2,-2.5,0.428571429,0.571428571,0.142857143,14,17,14,450,0.168674699,3340,981.4285714,1,22380,6588.724184,1070.259316
oa_het_2,60,1,2,1,3600,2.78E-06,10,1,4,dp,2,10,1588,170965,148703,572225,11,610,11,18130,0.006926952,1532.15,303.610456,1,86400,8653.444317,32,654,32,28040,0.020151134,3206.79,306.4162543,1,86400,4495.660541,0.013224182,21,2.8057983,0.150684932,0.438356164,0.287671233,73,868,73,59360,0.045969773,710,189.9484377,1,10540,1762.363556,11511.36468
oa_het_46,10,1,2,1,21600,2.78E-05,10,1,3,dp,2,10,15409,28619,28279,44374,691,7810,691,151700,0.044843922,15628.65,3473.989739,1,86400,31544.76953,870,7879,870,165480,0.05646051,15006.35,3435.528272,1,86400,31394.76515,0.011616588,179,-38.461467,0.540265833,0.680218921,0.139953088,1279,9632,1279,232850,0.08300344,15000,3144.639515,1,86400,22211.70376,2345.836319
oa_het_5,30,1,2,1,21600,2.78E-05,5,4,4,dp,2,10,7745,80111,74464,137424,1951,7138,1951,410260,0.251904454,14894.12,2946.925102,1,86400,5511.392483,2129,7109,2129,469520,0.274887024,14870,2828.787697,1,86400,5419.292028,0.02298257,178,-118.137405,0.645385379,0.704267284,0.058881905,3023,7290,3023,703530,0.390316333,19850,2810.837728,1,86400,3882.858876,3883.147741
oa_het_72,30,1,2,1,43200,2.78E-08,5,8,4,dp,2,10,10,85481,79364,145070,6,9,6,660,0.6,11198.81,4755.844156,1,86400,5577.719962,6,9,6,710,0.6,11176.18,4695.238095,1,86400,5437.164155,0,0,-60.60606061,1,1,0,6,9,6,740,0.6,11200,4676.847291,1,86400,4331.303291,2632.732601
oa_het_77,10,1,2,1,3600,2.78E-05,1,4,2,dp,2,10,1524,2120,2091,2176,53,130,53,2150,0.034776903,3357.6,1062.048518,1,86400,35058.64918,52,130,52,2120,0.034120735,3358.66,1064.505495,1,86400,35341.71766,-0.000656168,-1,2.456976985,0.981481481,0.962962963,-0.018518519,54,130,54,2130,0.035433071,3350,1075.079365,1,86400,34716.06779,57.34112191
oa_het_8,60,1,2,1,43200,2.78E-07,1,8,4,dp,2,10,12,41758,37283,64794,10,12,10,4230,0.833333333,28966.27,2134.808499,1,86400,2584.91529,10,12,10,4780,0.833333333,29464.79,2157.911494,1,86400,2751.871052,0,0,23.102995,1,1,0,10,12,10,5310,0.833333333,29040,1893.777051,1,86400,2283.814521,801.0296643
oa_het_91,30,1,2,1,21600,2.78E-08,5,1,2,dp,2,10,5,16743,15581,30977,0,3,0,30,0,86400,86400,1,86400,21608.28043,0,3,0,30,0,86400,86400,1,86400,21699.53382,0,0,0,0,0,0,1,3,1,40,0.2,13830,7200,1,64280,13516.71491,497.5649734
oa_het_123,60,1,2,5,21600,2.78E-08,1,1,2,dp,2,10,2,10543,9391,14101,2,2,2,40,1,11464.76,7200,1,33389.76,6882.755032,2,2,2,40,1,11462.74,7200,1,43721.526,7593.267137,0,0,0,1,1,0,2,2,2,40,1,11450,7200,1,22370,6580.747824,142.9102335
oa_het_128,60,1,2,5,3600,2.78E-06,5,8,3,dp,2,10,788,89342,78950,176007,13,287,13,8800,0.016497462,2314.786,524.1758242,1,86400,4890.322056,33,295,33,12150,0.041878173,2213.414,311.319634,1,86400,4917.326297,0.025380711,20,-212.8561902,0.351351351,0.891891892,0.540540541,37,317,37,17070,0.046954315,2040,228.4069019,1,86400,3580.608861,3352.329422
oa_het_132,60,1,2,5,21600,2.78E-07,5,8,4,dp,2,10,76,157163,139531,312320,33,72,33,8990,0.434210526,12289.196,1748.787131,1,86400,3257.882355,35,72,35,12800,0.460526316,12289.196,1633.226715,1,86400,3136.40347,0.026315789,2,-115.560416,0.846153846,0.897435897,0.051282051,39,72,39,14330,0.513157895,12290,1438.083147,1,86400,2342.61775,5653.931436
oa_het_178,30,1,2,5,21600,2.78E-07,10,1,3,dp,2,10,137,61810,59540,140124,22,96,22,2850,0.160583942,14058.348,3483.481973,1,86400,19286.30768,30,106,30,5450,0.218978102,14063.98,2658.031198,1,86400,15239.29917,0.058394161,8,-825.4507743,0.523809524,0.714285714,0.19047619,42,123,42,6860,0.306569343,14060,2858.57722,1,43100,6626.51554,3762.23718
oa_het_191,30,1,2,5,3600,2.78E-06,1,1,2,dp,2,10,141,5701,5480,6244,18,27,18,660,0.127659574,3240.01,936.6666667,1,64264.828,13720.52047,17,27,17,620,0.120567376,3240,963.5294118,1,64316.402,14252.08374,-0.007092199,-1,26.8627451,0.947368421,0.894736842,-0.052631579,19,28,19,680,0.134751773,3530,950.7017544,1,64260,13573.3878,79.5665164
oa_het_29,10,1,2,5,21600,2.78E-06,5,4,2,dp,2,10,805,9941,9820,11157,120,303,120,5000,0.149068323,21221.234,6390.857143,1,86400,35514.56784,129,304,129,5300,0.160248447,21220,6281.561462,1,86400,35680.36407,0.011180124,9,-109.295681,0.888888889,0.955555556,0.066666667,135,313,135,5520,0.167701863,21470,6273.238095,1,86400,33965.21567,283.296576
oa_het_40,30,1,2,5,21600,2.78E-05,5,8,2,dp,2,10,7709,25776,24797,37301,3079,5618,3079,137420,0.399403295,21564.78,5888.558486,1,86400,15567.35966,3019,5567,3019,152680,0.391620184,21569.714,5698.88635,1,86400,15799.08705,-0.007783111,-60,-189.672136,0.899240654,0.88171729,-0.017523364,3424,5847,3424,203430,0.444156181,21600,5600.158295,1,86400,13951.44858,1056.875333
oa_het_48,10,1,2,5,3600,2.78E-05,10,8,3,dp,2,10,15420,40907,40528,57833,22,2343,22,40970,0.001426719,2139.54,492.6045891,1,86400,22450.96058,40,2374,40,46700,0.002594034,2940.372,322.4588988,1,86400,22410.79739,0.001167315,18,-170.1456903,0.5,0.909090909,0.409090909,44,2525,44,56470,0.002853437,2400,176.7221946,1,86400,20684.01816,3157.743079
oa_het_73,30,1,2,5,43200,2.78E-05,10,1,4,dp,2,10,15693,110325,106321,250212,6295,13040,6295,989790,0.401134264,36119.764,4410.064444,1,86400,13407.93771,7774,13145,7774,1164290,0.495380106,36119.764,4543.444946,1,86400,11006.0067,0.094245842,1479,133.380502,0.545825024,0.674065724,0.128240701,11533,14869,11533,2246370,0.734913656,39220,3939.401806,1,21830,3833.12457,11097.14142
oa_het_88,60,1,2,5,43200,2.78E-07,10,4,2,dp,2,10,150,56245,49252,153153,91,122,91,4510,0.606666667,42686.796,9348.929726,1,86400,13917.67493,119,129,119,8580,0.793333333,42215.99,7783.251757,1,86400,12917.19295,0.186666667,28,-1565.677969,0.664233577,0.868613139,0.204379562,137,138,137,11620,0.913333333,42230,7138.13629,1,86400,6649.799026,3750.516314
oa_het_102,30,5,2,0.01,21600,2.78E-07,1,1,4,dp,2,10,24,7439,8992,24482,0,19,0,520,0,86400,86400,1,86400,11008.48455,7,23,7,1280,0.291666667,10121,3277.959184,1,76752,7449.199142,0.291666667,7,-83122.04082,0,0.538461538,0.538461538,13,23,13,1580,0.541666667,11270,3450.228233,1,16850,3839.504173,456.1910186
oa_het_12,10,5,2,0.01,21600,2.78E-07,10,4,2,dp,2,10,154,5780,5808,21655,1,22,1,240,0.006493506,14709,7200,1,86400,59714.2502,5,27,5,380,0.032467532,20695,6300,1,86400,60496.30482,0.025974026,4,-900,0.045454545,0.227272727,0.181818182,22,54,22,900,0.142857143,20440,6398.181818,1,86400,34231.11037,408.9312463
oa_het_131,30,5,2,0.01,43200,2.78E-05,1,4,4,dp,2,10,1503,8365,9985,29798,416,1387,416,78210,0.276779774,30938,4908.127981,1,86400,10347.90003,756,1416,756,110890,0.502994012,32157,4788.017062,1,66461,7464.590463,0.226214238,340,-120.1109192,0.3737646,0.679245283,0.305480683,1113,1439,1113,282290,0.740518962,33790,3898.061446,1,86400,3976.600681,509.2293558
oa_het_139,10,5,2,0.01,43200,2.78E-07,10,8,2,dp,2,10,161,6413,6268,24023,4,43,4,650,0.02484472,39959,10620,1,86400,58961.19502,10,42,10,1160,0.062111801,39978,11017.22034,1,86400,59741.80288,0.037267081,6,397.220339,0.129032258,0.322580645,0.193548387,31,86,31,2120,0.192546584,40960,11810.59518,1,86400,34325.66123,446.8226802
oa_het_14,60,5,2,0.01,21600,2.78E-06,10,8,3,dp,2,10,1530,28463,24003,341492,48,852,48,14600,0.031372549,15312,3929.512987,1,86400,25280.74847,173,839,173,28170,0.113071895,20783,3344.738134,1,86400,30702.32268,0.081699346,125,-584.774853,0.057901086,0.208685163,0.150784077,829,1434,829,164950,0.541830065,18900,2131.086394,1,86400,3735.1142,5545.257096
oa_het_151,60,5,2,0.01,21600,2.78E-05,5,1,3,dp,2,10,7925,16857,17233,160924,328,4758,328,92300,0.041388013,19641,3790.784852,1,86400,23668.8799,768,4605,768,118850,0.096908517,20705,3769.337634,1,86400,24862.37773,0.055520505,440,-21.44721745,0.080490798,0.188466258,0.10797546,4075,7410,4075,852150,0.514195584,20560,2074.763436,1,14060,3101.066796,2621.434178
oa_het_165,30,5,2,0.01,43200,2.78E-07,5,8,3,dp,2,10,82,12831,12734,84790,15,53,15,1360,0.182926829,29112,8341.538462,1,86400,28942.46687,35,58,35,5590,0.426829268,29086,5826.953177,1,86400,28666.5319,0.243902439,20,-2514.585284,0.230769231,0.538461538,0.307692308,65,77,65,10230,0.792682927,30240,5602.832152,1,86400,7129.874859,828.8613811
oa_het_166,60,5,2,0.01,43200,2.78E-06,5,8,4,dp,2,10,753,33045,28330,285887,147,673,147,31310,0.195219124,28692,4872.653721,1,86400,12335.57582,389,657,389,72970,0.516600266,31742,3517.535468,1,86400,13493.37479,0.321381142,242,-1355.118253,0.249575552,0.660441426,0.410865874,589,722,589,256250,0.782204515,37390,1932.329839,1,86400,2321.51588,3393.922434
oa_het_43,30,5,2,0.01,21600,2.78E-08,5,4,4,dp,2,10,6,21194,22789,134087,1,5,1,140,0.166666667,7549,3085.714286,1,86400,18058.94571,1,6,1,300,0.166666667,7687,1661.538462,1,86400,15766.14668,0,0,-1424.175824,0.5,0.5,0,2,6,2,440,0.333333333,10520,2178.151261,1,86400,4081.541418,1478.967351
oa_het_57,60,5,2,0.01,21600,2.78E-07,1,4,3,dp,2,10,18,7412,7706,35445,2,16,2,350,0.111111111,13462,4860,1,84332,10328.89363,8,17,8,1320,0.444444444,13785,2084.031593,1,84529,8061.426038,0.333333333,6,-2775.968407,0.181818182,0.727272727,0.545454545,11,17,11,1820,0.611111111,13830,2093.142857,1,14060,3088.487958,323.0030415
oa_het_69,10,5,2,0.01,3600,2.78E-05,10,4,4,dp,2,10,15639,24565,23059,94632,9,1958,9,25660,0.000575484,1239,294.2337075,1,86400,29075.57429,17,1799,17,28050,0.001087026,2372,220.838582,1,86400,31589.7581,0.000511542,8,-73.39512545,0.321428571,0.607142857,0.285714286,28,3906,28,93240,0.001790396,2520,169.4072937,1,86400,11125.15647,3030.241222
oa_het_79,60,5,2,0.01,21600,2.78E-08,5,1,2,dp,2,10,8,7459,8401,71228,1,4,1,50,0.125,17156,7200,1,86400,39318.71649,1,5,1,80,0.125,7663,5400,1,86400,35943.51785,0,0,-1800,0.142857143,0.142857143,0,7,8,7,530,0.875,19970,3997.714286,1,22380,6597.968348,700.7879503
oa_het_98,10,5,2,0.01,43200,2.78E-08,10,1,2,dp,2,10,19,5465,5393,19811,0,1,0,10,0,86400,86400,1,86400,61376.62356,1,6,1,80,0.052631579,28030,10800,1,86400,63415.95395,0.052631579,1,-75600,0,0.2,0.2,5,9,5,170,0.263157895,39690,12960,1,86400,34209.8746,373.1015918
oa_het_0,60,5,2,0.1,21600,2.78E-06,1,8,3,dp,2,10,148,14929,13159,35750,48,130,48,6160,0.324324324,16425.3,3001.515313,1,86400,6242.076085,59,129,59,10260,0.398648649,16011.3,2308.576414,1,86400,6107.495353,0.074324325,11,-692.938899,0.666666667,0.819444444,0.152777778,72,137,72,13660,0.486486486,16470,2249.29408,1,86400,3343.074708,93.46545506
oa_het_13,30,5,2,0.1,43200,2.78E-05,5,1,2,dp,2,10,7719,10941,10029,30746,2018,4820,2018,98490,0.261432828,43047.3,11379.05181,1,86400,29378.43581,2082,4352,2082,100800,0.269724058,43012.7,10996.67272,1,86400,34834.41064,0.00829123,64,-382.37909,0.419629861,0.432938241,0.01330838,4809,6547,4809,273310,0.623008162,43110,10144.14484,1,64290,13627.50955,586.5146062
oa_het_130,10,5,2,0.1,43200,2.78E-05,10,8,3,dp,2,10,15518,31790,30409,55888,1680,11024,1680,283780,0.108261374,40366.1,6960.882248,1,86400,26765.37395,1852,10547,1852,298410,0.119345276,40868.1,6738.718107,1,86400,28457.41424,0.011083903,172,-222.1641403,0.59447983,0.655343241,0.060863411,2826,12030,2826,491450,0.182111097,40090,6002.774222,1,86400,20898.48877,2616.732419
oa_het_152,30,5,2,0.1,21600,2.78E-05,1,1,2,dp,2,10,1579,3745,3570,6115,504,1045,504,19710,0.31918936,21390.7,6223.908948,1,86400,17452.90453,495,1042,495,21490,0.31348955,21510,5861.449702,1,86400,18300.75804,-0.00569981,-9,-362.4592464,0.725179856,0.712230216,-0.01294964,695,1170,695,31420,0.440151995,21510,5670.725878,1,64230,13607.42152,80.15610623
oa_het_163,30,5,2,0.1,21600,2.78E-08,5,4,3,dp,2,10,10,28316,25724,76726,0,8,0,170,0,86400,86400,1,86400,14103.17101,3,9,3,500,0.3,14021.8,3200,1,86400,14523.67094,0.3,3,-83200,0,1,1,3,10,3,590,0.3,14060,3184.615385,1,86400,6710.835474,1076.614876
oa_het_17,60,5,2,0.1,43200,2.78E-08,1,4,2,dp,2,10,1,6491,5875,14974,1,1,1,40,1,36336.2,8640,1,86400,11965.56921,1,1,1,60,1,36360.7,6171.428571,1,86400,11363.94168,0,0,-2468.571429,1,1,0,1,1,1,80,1,36420,4800,1,86400,6695.284919,131.2396948
oa_het_170,10,5,2,0.1,3600,2.78E-06,1,1,2,dp,2,10,147,1861,1839,1920,3,9,3,140,0.020408163,2403.3,1040,1,86400,34707.30829,3,9,3,150,0.020408163,2370,940,1,86400,35035.06973,0,0,-100,1,1,0,3,9,3,150,0.020408163,2370,940,1,86400,34457.51377,53.87466884
oa_het_197,30,5,2,0.1,21600,2.78E-06,10,4,2,dp,2,10,1511,20667,18738,68699,166,668,166,10240,0.109861019,21434.7,6302.501053,1,86400,31367.13116,241,650,241,14170,0.159497022,21143.5,5486.656064,1,86400,34907.63631,0.049636003,75,-815.8449895,0.244117647,0.354411765,0.110294118,680,1157,680,34440,0.450033091,21450,5623.142736,1,86400,13595.09165,1377.482443
oa_het_28,10,5,2,0.1,21600,2.78E-06,5,4,4,dp,2,10,797,29266,27639,43543,50,610,50,16830,0.062735257,11153.4,2881.286692,1,86400,13637.0285,67,607,67,21050,0.084065245,14670,2599.576907,1,86400,13952.23397,0.021329988,17,-281.709785,0.595238095,0.797619048,0.202380952,84,656,84,24450,0.105395232,14670,2726.769799,1,86400,11167.57175,1085.522534
oa_het_41,10,5,2,0.1,43200,2.78E-05,1,8,4,dp,2,10,1663,7469,7375,8151,355,1444,355,69270,0.213469633,32459.2,4999.807011,1,86400,11892.92218,346,1441,346,70590,0.208057727,32400,4886.471621,1,86400,12069.00165,-0.005411906,-9,-113.33539,0.975274725,0.950549451,-0.024725275,364,1445,364,74700,0.218881539,32480,4903.910573,1,86400,11676.3307,416.0974731
oa_het_47,60,5,2,0.1,21600,2.78E-07,10,1,4,dp,2,10,163,116794,108200,571464,22,133,22,6280,0.134969325,11952.6,2046.210061,1,86400,9569.48526,57,151,57,16700,0.349693252,16475.7,1675.027092,1,86400,6567.882911,0.214723927,35,-371.182969,0.241758242,0.626373626,0.384615385,91,157,91,30310,0.558282209,16490,1539.573919,1,10540,1762.695346,10969.91063
oa_het_52,10,5,2,0.1,3600,2.78E-07,5,4,2,dp,2,10,77,7315,6857,11151,0,4,0,40,0,86400,86400,1,86400,38908.72874,1,4,1,60,0.012987013,1945.1,900,1,86400,39929.72157,0.012987013,1,-85500,0,0.5,0.5,2,6,2,90,0.025974026,2280,1050,1,86400,33519.79904,223.1731844
oa_het_71,60,5,2,0.1,3600,2.78E-07,10,8,3,dp,2,10,161,71786,62255,339630,1,53,1,870,0.00621118,751.2,600,1,86400,12641.6601,7,55,7,1720,0.043478261,1903.6,352.6402169,1,86400,12107.33725,0.037267081,6,-247.3597831,0.111111111,0.777777778,0.666666667,9,81,9,4560,0.055900621,610,208.1898148,1,86400,3681.945449,6796.062754
oa_het_107,30,5,2,1,21600,2.78E-08,1,8,3,dp,2,10,3,13705,13082,15930,2,3,2,120,0.666666667,13959.07,4320,1,86400,7175.118762,2,3,2,120,0.666666667,13963.79,4320,1,86400,7427.358525,0,0,0,1,1,0,2,3,2,120,0.666666667,13940,4320,1,86400,7110.269001,229.7633746
oa_het_117,60,5,2,1,3600,2.78E-06,1,4,2,dp,2,10,160,10142,8801,14979,37,44,37,1110,0.23125,3577.22,1046.683047,1,86400,7489.211684,39,43,39,1390,0.24375,3511.49,924.9117549,1,86400,8283.364663,0.0125,2,-121.7712918,0.880952381,0.928571429,0.047619048,42,45,42,1710,0.2625,3510,860.9016182,1,86400,6846.815314,149.4866855
oa_het_119,30,5,2,1,43200,2.78E-07,1,1,4,dp,2,10,20,20378,19249,24990,13,20,13,2270,0.65,20337.27,3589.628069,1,21790.82,3925.348922,13,20,13,2520,0.65,20336.71,3680.420242,1,23570,4085.670321,0,0,90.79217351,1,1,0,13,20,13,2620,0.65,20340,3581.931802,1,21820,3850.850369,497.7325685
oa_het_127,60,5,2,1,3600,2.78E-05,1,8,4,dp,2,10,1576,41946,36831,61488,41,848,41,43780,0.026015228,1831.41,186.8576539,1,86400,2510.64734,63,835,63,49170,0.039974619,1814.1,170.2444106,1,86400,2707.874597,0.013959391,22,-16.61324332,0.577464789,0.887323944,0.309859155,71,873,71,65020,0.045050761,1620,130.4983086,1,86400,2292.08281,895.2340395
oa_het_140,60,5,2,1,43200,2.78E-07,1,1,3,dp,2,10,15,21226,18733,32235,13,15,13,2100,0.866666667,28069.85,3503.133789,1,14122.92,3370.003888,13,15,13,2680,0.866666667,28070,3592.584,1,42247.46,3736.20222,0,0,89.45021081,1,1,0,13,15,13,3590,0.866666667,28070,3255.434066,1,14060,3084.003135,367.1700869
oa_het_176,10,5,2,1,3600,2.78E-06,1,4,3,dp,2,10,130,5032,4966,5105,1,19,1,400,0.007692308,2380,600,1,86400,21071.0972,1,19,1,410,0.007692308,2380,600,1,86400,21322.84799,0,0,0,1,1,0,1,19,1,410,0.007692308,2380,600,1,86400,20898.18331,163.6514449
oa_het_20,60,5,2,1,43200,2.78E-05,10,4,4,dp,2,10,15726,213587,188744,616540,9323,14565,9323,1923110,0.592839883,42206.44,3076.711598,1,86400,5114.794782,10323,14640,10323,2077330,0.656428844,42116.65,3156.055583,1,86400,4634.299081,0.063588961,1000,79.343985,0.765058264,0.847119645,0.082061382,12186,15060,12186,5585270,0.774895078,42580,1940.27837,1,86400,1948.52855,25506.1365
oa_het_22,30,5,2,1,43200,2.78E-06,10,1,2,dp,2,10,1593,30015,27962,62543,557,1082,557,26490,0.349654739,42810.43,10951.1779,1,86400,25453.78349,648,1064,648,35340,0.406779661,43059.58,10126.32197,1,86400,26623.87731,0.057124922,91,-824.85593,0.568367347,0.66122449,0.092857143,980,1337,980,53990,0.615191463,43030,10339.26732,1,64290,13539.83986,1542.564307
oa_het_30,10,5,2,1,43200,2.78E-08,5,4,4,dp,2,10,6,41543,40936,45590,2,4,2,150,0.333333333,32402.45,7405.714286,1,86400,11830.14746,2,4,2,150,0.333333333,32398.35,7405.714286,1,86400,11860.65282,0,0,0,1,1,0,2,4,2,150,0.333333333,32400,7405.714286,1,86400,11288.13915,1279.311471
oa_het_32,10,5,2,1,21600,2.78E-07,5,8,3,dp,2,10,65,25062,25357,29340,3,42,3,810,0.046153846,14060.04,4200,1,86400,21117.22048,3,42,3,800,0.046153846,14065.3,4200,1,86400,21319.33924,0,0,0,1,1,0,3,42,3,820,0.046153846,14060,4440,1,86400,20540.83335,720.165272
oa_het_37,10,5,2,1,21600,2.78E-06,10,1,4,dp,2,10,1652,63149,63065,79236,88,1194,88,33330,0.053268765,11177.07,2808.229643,1,86400,15091.45228,123,1222,123,40020,0.074455206,11165.02,2568.794506,1,86400,14702.83985,0.021186441,35,-239.435137,0.606896552,0.848275862,0.24137931,145,1322,145,41960,0.087772397,11170,2846.381143,1,64650,11051.99468,3067.301561
oa_het_66,60,5,2,1,21600,2.78E-05,5,8,2,dp,2,10,7684,33812,29126,79193,4129,6248,4129,178180,0.537350338,21552.57,5681.853604,1,86400,11652.97495,4026,5944,4026,190340,0.523945862,21549.67,5471.430577,1,86400,13188.44102,-0.013404477,-103,-210.4230273,0.614343104,0.599018003,-0.0153251,6721,6892,6721,406830,0.874674649,21600,5171.131925,1,86400,7051.554072,1833.488932
oa_het_74,30,5,2,1,3600,2.78E-06,5,8,2,dp,2,10,825,22183,20508,35691,44,115,44,1920,0.053333333,3510.44,1073.961039,1,86400,16910.06614,61,117,61,2490,0.073939394,3487.87,950.3044496,1,86400,17558.08897,0.020606061,17,-123.6565893,0.523809524,0.726190476,0.202380952,84,135,84,3400,0.101818182,3520,923.7064523,1,86400,14159.83416,632.1692095
oa_het_78,30,5,2,1,43200,2.78E-08,10,4,2,dp,2,10,18,35428,32643,68795,5,10,5,220,0.277777778,22979.87,11520,1,86400,20702.68528,9,10,9,780,0.5,36669.71,7984.761905,1,86400,21606.77264,0.222222222,4,-3535.238095,0.416666667,0.75,0.333333333,12,13,12,1120,0.666666667,38600,8398.72093,1,86400,13644.87838,1765.426861
oa_het_85,60,5,2,1,3600,2.78E-05,10,1,3,dp,2,10,15704,110864,97615,320831,71,4651,71,113500,0.004521141,2755.54,469.4208526,1,86400,11063.24957,202,4783,202,135860,0.012862965,3139.29,463.3416318,1,86400,7651.669498,0.008341824,131,-6.079220776,0.125,0.355633803,0.230633803,568,6858,568,329420,0.036169129,2480,300.1954029,1,14060,3093.123467,12480.86334
oa_het_104,30,5,2,5,3600,2.78E-05,10,4,3,dp,2,10,15580,93405,90809,152199,43,4092,43,91400,0.002759949,2388.45,336.3705583,1,86400,9695.137647,83,4339,83,112150,0.005327343,2720.04,311.1395032,1,86400,8954.44347,0.002567394,40,-25.23105507,0.417475728,0.805825243,0.388349515,103,4873,103,148960,0.00661104,2390,273.0447567,1,86400,6644.727417,7880.266873
oa_het_105,30,5,2,5,21600,2.78E-07,5,4,2,dp,2,10,78,25370,24560,34915,38,62,38,1440,0.487179487,20961.642,5952.200957,1,86400,15809.69735,35,65,35,1680,0.448717949,20958.726,5596.675325,1,86400,15858.69299,-0.038461538,-3,-355.5256323,0.926829268,0.853658537,-0.073170732,41,67,41,1820,0.525641026,20960,5654.183865,1,86400,13613.5264,660.7979023
oa_het_114,10,5,2,5,43200,2.78E-06,5,1,3,dp,2,10,761,20265,20090,22485,132,540,132,19090,0.173455979,29040.442,5783.560451,1,86400,24827.27945,144,544,144,20440,0.189224704,29059.936,5745.111741,1,86400,25201.26343,0.015768725,12,-38.44871009,0.809815951,0.883435583,0.073619632,163,567,163,21150,0.214191853,29060,6006.371886,1,86400,22039.50077,636.1348827
oa_het_135,30,5,2,5,3600,2.78E-06,5,8,4,dp,2,10,776,106208,102920,144917,3,307,3,9880,0.003865979,635.83,194.8051948,1,86400,4750.606239,7,320,7,12280,0.009020619,630.282,122.4718052,1,86400,4658.229561,0.005154639,4,-72.33338964,0.333333333,0.777777778,0.444444444,9,331,9,13730,0.011597938,460,136.6535995,1,86400,4259.888458,3172.27583
oa_het_162,60,5,2,5,21600,2.78E-08,10,4,4,dp,2,10,10,238369,211998,614931,4,9,4,690,0.4,10556.632,2565,1,86400,4246.738484,5,9,5,700,0.5,9953.732,2614.285714,1,86400,3369.724641,0.1,1,49.28571429,0.8,1,0.2,5,9,5,820,0.5,9940,2244,1,86400,1843.376991,16260.79952
oa_het_183,10,5,2,5,21600,2.78E-05,5,1,4,dp,2,10,7772,36267,35900,40063,635,6037,635,193510,0.081703551,11201.252,2687.887081,1,86400,12648.88219,657,6034,657,200680,0.084534225,11181.208,2616.258085,1,86400,12454.13958,0.002830674,22,-71.62899598,0.784919654,0.812113721,0.027194067,809,6299,809,213270,0.104091611,11200,2784.038408,1,64640,11039.73776,1630.141036
oa_het_186,10,5,2,5,21600,2.78E-05,1,4,3,dp,2,10,1543,4697,4628,4753,105,961,105,23010,0.068049255,14999.63,3067.631941,1,86400,20564.13898,103,955,103,22650,0.066753078,14999.948,3079.989262,1,86400,20841.34264,-0.001296176,-2,12.35732147,1,0.990384615,-0.019230769,104,959,104,23000,0.067401167,15000,3061.226996,1,86400,20462.37801,174.6775579
oa_het_199,60,5,2,5,43200,2.78E-07,5,4,3,dp,2,10,83,87680,77996,173486,60,76,60,8350,0.722891566,29050.234,4206.840781,1,86400,4729.957054,66,76,66,15280,0.795180723,27299.442,3430.785765,1,86400,4713.888934,0.072289157,6,-776.0550167,0.869565217,0.956521739,0.086956522,69,77,69,17520,0.831325301,27300,3224.178348,1,86400,3118.251027,3138.499546
oa_het_25,60,5,2,5,3600,2.78E-07,10,1,2,dp,2,10,158,50643,46150,142211,13,32,13,560,0.082278481,3425.12,1056.923077,1,86400,18052.83358,21,36,21,810,0.132911392,3412.192,955.9183673,1,86400,15645.73551,0.050632911,8,-101.0047097,0.245283019,0.396226415,0.150943396,53,59,53,1790,0.335443038,3410,924.6886792,1,22390,6584.166965,3208.623383
oa_het_33,10,5,2,5,43200,2.78E-05,1,4,2,dp,2,10,1528,1981,1956,2007,358,811,358,17430,0.234293194,43108.626,11295.33461,1,86400,33716.98534,356,802,356,17220,0.232984293,43110,11312.61918,1,86400,33961.08824,-0.001308901,-2,17.28457,1,0.994413408,-0.005586592,358,810,358,17450,0.234293194,43110,11277.42559,1,86400,33573.8991,55.10075665
oa_het_36,60,5,2,5,43200,2.78E-06,1,1,4,dp,2,10,181,41956,37735,57485,142,170,142,43390,0.784530387,41047.36,2072.96183,1,10553.888,1852.615923,143,170,143,50850,0.790055249,41047.36,2176.045156,1,11231.934,2037.568933,0.005524862,1,103.083326,0.986111111,0.993055556,0.006944444,144,170,144,58140,0.79558011,41060,1978.562678,1,10540,1763.739841,779.322962
oa_het_54,10,5,2,5,21600,2.78E-07,1,8,2,dp,2,10,10,2411,2380,2485,1,4,1,50,0.1,11097.794,7200,1,86400,33585.9448,1,4,1,50,0.1,11099.28,7200,1,86400,33954.47965,0,0,0,1,1,0,1,4,1,50,0.1,11100,7200,1,86400,33322.39315,55.43625355
oa_het_6,60,5,2,5,3600,2.78E-08,10,8,2,dp,2,10,10,62072,54961,154469,1,2,1,30,0.1,2040.438,1200,1,86400,12230.63269,1,2,1,40,0.1,3284.174,1200,1,86400,12211.9781,0,0,0,0.5,0.5,0,2,2,2,50,0.2,3270,1050,1,86400,7256.468769,3900.696773
oa_het_86,30,5,2,5,43200,2.78E-08,10,8,3,dp,2,10,15,98646,96304,169059,6,13,6,750,0.4,27166.44,5989.133704,1,86400,9090.591301,6,13,6,1370,0.4,14081.058,3545.486973,1,86400,8461.841824,0,0,-2443.646731,1,1,0,6,13,6,1480,0.4,14080,3459.649653,1,86400,7024.499651,5290.874586
oa_het_106,30,10,2,0.01,21600,2.78E-06,5,4,2,dp,2,10,820,5986,6035,35485,37,233,37,3070,0.045121951,20058,6480.694981,1,86400,44792.15468,73,257,73,4960,0.08902439,20805,5595.53391,1,86400,46597.85277,0.043902439,36,-885.1610706,0.104225352,0.205633803,0.101408451,355,622,355,18510,0.432926829,21130,5643.931308,1,86400,13546.89351,348.1485298
oa_het_116,60,10,2,0.01,43200,2.78E-08,1,1,4,dp,2,10,3,12262,13676,58178,2,3,2,190,0.666666667,22796,4560,1,59424,6494.407662,2,3,2,470,0.666666667,22595,2520,1,27555,4547.697174,0,0,-2040,1,1,0,2,3,2,540,0.666666667,29680,2290.869565,1,10510,1759.668459,690.0681992
oa_het_133,60,10,2,0.01,43200,2.78E-06,10,4,2,dp,2,10,1510,14527,12952,151996,199,735,199,12450,0.131788079,41866,11791.74444,1,86400,41076.56583,334,649,334,18860,0.221192053,41073,9967.772038,1,86400,46827.0575,0.089403974,135,-1823.972398,0.147189349,0.24704142,0.099852071,1352,1366,1352,120740,0.895364238,42930,7379.401082,1,86400,6631.249656,2364.837764
oa_het_141,10,10,2,0.01,43200,2.78E-07,5,4,4,dp,2,10,71,16191,16305,43446,5,54,5,1380,0.070422535,31775,5019.428571,1,86400,23147.643,10,59,10,2600,0.14084507,21520,4229.673224,1,86400,23043.97652,0.070422535,5,-789.7553474,0.25,0.5,0.25,20,64,20,3340,0.281690141,32330,5095.831169,1,86400,11158.62395,867.6218445
oa_het_168,30,10,2,0.01,21600,2.78E-05,1,1,2,dp,2,10,1590,1901,2226,6235,194,753,194,11130,0.122012579,21183,6238.762887,1,86400,33742.49234,303,831,303,14770,0.190566038,21542,6048.54136,1,86400,29747.33013,0.068553459,109,-190.221527,0.267955801,0.418508287,0.150552486,724,1223,724,34200,0.455345912,21500,5664.406523,1,64290,13539.59068,73.09915113
oa_het_188,30,10,2,0.01,3600,2.78E-06,5,8,4,dp,2,10,802,25999,25659,145944,2,168,2,2390,0.002493766,1419,438.4615385,1,86400,16818.61645,3,205,3,3540,0.003740648,2163,460,1,86400,14850.2323,0.001246883,1,21.53846154,0.181818182,0.272727273,0.090909091,11,357,11,15140,0.013715711,870,185.197622,1,86400,4169.323174,1671.421008
oa_het_190,30,10,2,0.01,21600,2.78E-05,10,8,4,dp,2,10,15444,45575,43385,290691,408,9744,408,240490,0.026418026,19855,2027.727588,1,86400,21235.43813,587,8945,587,270930,0.038008288,18260,2289.228462,1,86400,25239.34911,0.011590262,179,261.5008739,0.066233766,0.095292208,0.029058442,6160,14506,6160,1530990,0.398860399,20780,2807.467172,1,86400,4450.491917,7855.457979
oa_het_193,30,10,2,0.01,43200,2.78E-08,10,4,3,dp,2,10,14,22744,23455,154027,1,10,1,580,0.071428571,3342,1004.651163,1,86400,34201.58094,4,9,4,2080,0.285714286,25555,4862.068966,1,86400,33662.05836,0.214285714,3,3857.417803,0.111111111,0.444444444,0.333333333,9,13,9,3560,0.642857143,27250,5467.599694,1,86400,6642.370927,2293.018321
oa_het_26,10,10,2,0.01,3600,2.78E-06,5,1,2,dp,2,10,734,4116,4339,9901,3,31,3,350,0.004087193,3429,1100,1,86400,54214.27591,5,26,5,330,0.006811989,3410,1104,1,86400,54775.32055,0.002724796,2,4,0.12,0.2,0.08,25,67,25,960,0.034059946,3410,1152,1,86400,34071.98371,160.355804
oa_het_4,10,10,2,0.01,43200,2.78E-06,1,1,3,dp,2,10,159,2669,2835,4333,11,107,11,2320,0.06918239,26643,7591.452184,1,86400,30138.48409,19,107,19,2960,0.119496855,25686,6808.225459,1,86400,29437.49037,0.050314465,8,-783.226725,0.44,0.76,0.32,25,117,25,3620,0.157232704,28900,6436.008791,1,86400,22575.90456,153.4711955
oa_het_51,10,10,2,0.01,21600,2.78E-05,5,8,3,dp,2,10,7751,12634,12193,29844,174,3316,174,68660,0.022448716,19443,3003.900926,1,86400,36438.26404,238,3226,238,71870,0.030705715,19333,3219.347826,1,86400,38101.7681,0.008256999,64,215.4469,0.256637168,0.351032448,0.09439528,678,4991,678,159700,0.087472584,19550,3078.011907,1,86400,20289.63244,647.2635243
oa_het_70,10,10,2,0.01,21600,2.78E-08,1,4,4,dp,2,10,3,5547,5749,9299,0,3,0,80,0,86400,86400,1,75385,15199.88315,1,3,1,110,0.333333333,10186,3600,1,86400,13891.92491,0.333333333,1,-82800,0,0.5,0.5,2,3,2,130,0.666666667,10570,3342.857143,1,42990,11265.67989,396.6142864
oa_het_75,60,10,2,0.01,3600,2.78E-07,1,8,2,dp,2,10,16,3394,3590,15380,0,1,0,10,0,86400,86400,1,86400,21619.34008,1,2,1,30,0.0625,2347,1200,1,86400,17774.94228,0.0625,1,-85200,0,0.5,0.5,2,3,2,60,0.125,1480,1050,1,86400,7214.655586,125.1050565
oa_het_97,60,10,2,0.01,3600,2.78E-07,10,1,3,dp,2,10,141,37957,40450,322304,0,21,0,270,0,86400,86400,1,86400,24242.82249,0,29,0,380,0,86400,86400,1,86400,22156.034,0,0,0,0,0,0,3,59,3,2720,0.021276596,610,292.3076923,1,14060,3096.825039,5015.946673
oa_het_103,30,10,2,0.1,21600,2.78E-07,5,8,3,dp,2,10,68,32678,28760,78292,6,47,6,1100,0.088235294,14214.2,3606.521739,1,86400,14002.80432,18,47,18,2530,0.264705882,15059.2,3384.024045,1,86400,14253.09959,0.176470588,12,-222.4976939,0.24,0.72,0.48,25,57,25,3150,0.367647059,15000,3476.686039,1,86400,7281.86675,1092.545355
oa_het_11,30,10,2,0.1,3600,2.78E-05,1,8,3,dp,2,10,1561,11045,10093,16983,20,402,20,10700,0.0128123,1020.9,230.9254396,1,86400,9063.207768,22,394,22,12020,0.01409353,2293.9,265.7826829,1,86400,9166.599887,0.00128123,2,34.8572433,1,1,0.105263158,19,438,19,15330,0.012171685,2690,234.3918324,1,86400,7206.946373,237.4776204
oa_het_121,30,10,2,0.1,43200,2.78E-07,1,8,2,dp,2,10,20,4118,3859,7252,10,15,10,460,0.5,23651.7,9840,1,86400,17610.58038,14,16,14,790,0.7,33791.1,9491.076067,1,86400,17903.71541,0.2,4,-348.9239332,0.666666667,0.933333333,0.266666667,15,17,15,840,0.75,39850,9658.057727,1,86400,13965.35497,74.0625174
oa_het_154,30,10,2,0.1,43200,2.78E-08,5,1,4,dp,2,10,8,54138,50476,125250,4,8,4,660,0.5,11975.1,3293.106893,1,85267.9,8177.646762,5,8,5,960,0.625,13386.8,3279.74026,1,86400,8101.401038,0.125,1,-13.36663337,0.8,1,0.2,5,8,5,1000,0.625,13670,3235.371687,1,21850,3831.999687,1858.094687
oa_het_155,60,10,2,0.1,21600,2.78E-07,5,1,2,dp,2,10,63,21705,20518,72474,14,45,14,810,0.222222222,19841.6,5978.571429,1,86400,19494.45366,27,51,27,1720,0.428571429,20580.6,5186.680302,1,86400,16828.00855,0.206349206,13,-791.8911269,0.25,0.482142857,0.232142857,56,59,56,3190,0.888888889,20620,5188.329618,1,22390,6594.231077,927.1607878
oa_het_167,60,10,2,0.1,3600,2.78E-06,5,8,3,dp,2,10,798,50255,43165,173595,8,261,8,5600,0.010025063,1849.3,559.8214286,1,86400,9485.297159,24,267,24,8610,0.030075188,2746.6,422.5660369,1,86400,9089.061664,0.020050125,16,-137.2553917,0.205128205,0.615384615,0.41025641,39,345,39,18010,0.04887218,1820,239.7347954,1,86400,3536.405242,2505.318463
oa_het_184,10,10,2,0.1,21600,2.78E-06,10,1,2,dp,2,10,1577,17481,16353,19898,184,514,184,9300,0.116677235,21305,5672.934783,1,86400,41278.19499,188,498,188,9160,0.119213697,21240,5615.334347,1,86400,43590.89479,0.002536462,4,-57.6004361,0.751020408,0.767346939,0.016326531,245,606,245,10450,0.155358275,21240,5988.594752,1,86400,33941.27214,647.7451792
oa_het_187,30,10,2,0.1,3600,2.78E-05,5,4,4,dp,2,10,7594,56461,49682,138015,30,2615,30,53870,0.003950487,1794.6,319.5790173,1,86400,7803.389776,53,2453,53,62780,0.006979194,2793.6,258.9530012,1,86400,8086.841588,0.003028707,23,-60.62601607,0.348837209,0.61627907,0.26744186,86,3253,86,134320,0.01132473,2210,180.8043558,1,86400,3943.398379,3047.607322
oa_het_42,10,10,2,0.1,43200,2.78E-05,10,4,2,dp,2,10,15576,16686,15834,23064,2435,7279,2435,153170,0.156330252,43101.1,11230.74674,1,86400,40555.32432,2501,6962,2501,152560,0.16056754,43103.8,11201.61953,1,86400,42597.12477,0.004237288,66,-29.12721,0.65686539,0.674669544,0.017804154,3707,8363,3707,209010,0.23799435,43170,11164.72203,1,86400,33741.26649,1068.727819
oa_het_55,30,10,2,0.1,43200,2.78E-07,10,4,4,dp,2,10,155,94983,84130,263336,36,136,36,7010,0.232258065,30070,5556.996577,1,86400,9553.694931,78,139,78,16450,0.503225806,29959.9,4187.856929,1,86400,9534.267749,0.270967741,42,-1369.139648,0.342857143,0.742857143,0.4,105,145,105,21940,0.677419355,31510,3973.005852,1,86400,3893.864846,5566.440152
oa_het_68,10,10,2,0.1,43200,2.78E-06,1,8,4,dp,2,10,144,8037,7917,9149,29,126,29,5600,0.201388889,32386.3,4778.684958,1,86400,11404.83181,32,126,32,6050,0.222222222,32380,4783.657405,1,86400,11576.04163,0.020833333,3,4.972447051,0.90625,1,0.09375,32,126,32,6210,0.222222222,32390,4758.258161,1,86400,11173.95383,413.5422466
oa_het_83,60,10,2,0.1,3600,2.78E-06,1,4,4,dp,2,10,171,25878,23401,58339,1,84,1,2250,0.005847953,1176.7,600,1,86400,3358.947097,3,77,3,3570,0.01754386,1201.5,339.0909091,1,86400,3244.046132,0.011695906,2,-260.9090909,0.2,0.6,0.4,5,89,5,5450,0.029239766,560,212.4032489,1,86400,1894.150072,730.0766523
oa_het_95,30,10,2,0.1,3600,2.78E-08,10,1,2,dp,2,10,7,26039,24819,62071,1,2,1,30,0.142857143,2241,1200,1,86400,29157.98025,2,2,2,40,0.285714286,2510.1,1200,1,86400,31022.97816,0.142857143,1,0,0.5,1,0.5,2,2,2,60,0.285714286,2270,960,1,64310,13593.36888,1181.080171
oa_het_96,60,10,2,0.1,21600,2.78E-08,5,8,2,dp,2,10,11,22024,19401,75253,2,6,2,140,0.181818182,11933.3,4050,1,86400,18918.34284,5,7,5,240,0.454545455,19516.8,5400,1,86400,18804.27807,0.272727273,3,1350,0.25,0.625,0.375,8,8,8,420,0.727272727,19550,5597.727273,1,86400,7380.549803,953.3150067
oa_het_134,60,10,2,1,21600,2.78E-08,1,8,2,dp,2,10,2,10860,9546,16037,1,2,1,40,0.5,19474.62,5400,1,86400,7905.213551,1,2,1,40,0.5,11724.26,7200,1,86400,8760.150181,0,0,1800,0.5,0.5,0,2,2,2,50,1,19480,6300,1,86400,7227.385824,148.869056
oa_het_138,60,10,2,1,43200,2.78E-06,10,8,3,dp,2,10,1546,142824,118140,344014,911,1386,911,124410,0.589262613,41164.58,4887.433713,1,86400,7177.780815,1072,1388,1072,188010,0.693402329,41039.14,4105.33724,1,86400,7334.785481,0.104139715,161,-782.0964732,0.760434057,0.894824708,0.134390651,1198,1427,1198,287830,0.774902975,40890,3317.443882,1,86400,3691.321364,9276.067191
oa_het_146,60,10,2,1,3600,2.78E-08,10,8,4,dp,2,10,16,253345,220880,613700,1,9,1,460,0.0625,345.89,138.4615385,1,86400,4460.811295,1,9,1,410,0.0625,419.54,225,1,86400,4090.775704,0,0,86.53846154,1,1,0,1,11,1,840,0.0625,90,84.88372093,1,86400,2355.656358,15202.46118
oa_het_15,10,10,2,1,3600,2.78E-06,10,8,3,dp,2,10,1546,68155,66746,53618,8,270,8,6670,0.005174644,799.11,240.5927908,1,86400,20797.22806,9,269,9,6870,0.005821475,944.68,217.0881304,1,86400,21094.78019,0.000646831,1,-23.5046604,1,1,0.5,2,267,2,5120,0.001293661,490,276.9230769,1,86400,21010.76935,2428.148062
oa_het_156,30,10,2,1,3600,2.78E-07,10,8,2,dp,2,10,161,46878,43500,73103,11,36,11,670,0.068322981,2880.12,845.8441558,1,86400,18440.97703,18,35,18,960,0.111801242,3345.7,837.6934177,1,86400,19664.9046,0.043478261,7,-8.150738151,0.458333333,0.75,0.291666667,24,40,24,1120,0.149068323,3470,886.2012987,1,86400,13982.02083,1972.210635
oa_het_173,10,10,2,1,3600,2.78E-05,1,1,2,dp,2,10,1586,1930,1908,1964,43,125,43,1790,0.027112232,3302.65,1128.837209,1,86400,33970.74471,43,123,43,1770,0.027112232,3308.57,1128.837209,1,86400,34149.14496,0,0,0,1,1,0,43,126,43,1810,0.027112232,3310,1121.860465,1,86400,33774.9814,58.9800837
oa_het_179,60,10,2,1,21600,2.78E-07,10,4,2,dp,2,10,160,63097,55462,156550,75,111,75,3160,0.46875,21301.74,5443.403796,1,86400,13459.58458,92,116,92,6280,0.575,20963.03,4813.17961,1,86400,13501.23298,0.10625,17,-630.2241865,0.568181818,0.696969697,0.128787879,132,136,132,8510,0.825,21380,4875.967505,1,86400,6670.991105,3767.387888
oa_het_195,60,10,2,1,21600,2.78E-06,5,1,4,dp,2,10,754,149323,131682,290036,263,710,263,73110,0.348806366,20397.03,1821.906317,1,86400,3158.587308,336,713,336,114110,0.445623342,19297.29,1652.746696,1,35328.11,2884.576366,0.096816976,73,-169.1596206,0.697612732,0.891246684,0.193633952,377,722,377,146920,0.5,19300,1465.530704,1,10570,1762.165797,5149.418571
oa_het_50,60,10,2,1,43200,2.78E-07,5,4,3,dp,2,10,58,84265,72001,169956,43,54,43,4960,0.74137931,33430.51,5004.152072,1,86400,5253.792772,43,54,43,7430,0.74137931,33114.38,3872.304268,1,86400,5564.376773,0,0,-1131.847804,0.914893617,0.914893617,0,47,56,47,8410,0.810344828,33190,3691.734512,1,86400,3241.535805,2871.074118
oa_het_58,30,10,2,1,43200,2.78E-06,1,4,2,dp,2,10,144,5857,5548,6796,82,118,82,3630,0.569444444,41879.34,11095.29617,1,64293.79,13861.84239,79,116,79,4200,0.548611111,41874.65,10702.91921,1,75716.37,14472.60938,-0.020833333,-3,-392.37696,0.987951807,0.951807229,-0.036144578,83,119,83,4410,0.576388889,41880,10756.09242,1,64280,13643.97799,78.14233494
oa_het_65,10,10,2,1,43200,2.78E-05,5,8,4,dp,2,10,7709,62129,62828,52632,1822,6859,1822,554090,0.236347127,38857.66,4663.95819,1,86400,11242.16014,1796,6848,1796,573220,0.232974445,38852.53,4621.366363,1,86400,11369.51407,-0.003372681,-26,-42.59182654,1,0.98735569,-0.014293568,1819,6824,1819,485170,0.235957971,38250,4760.271977,1,86400,11532.48681,2171.778915
oa_het_80,10,10,2,1,43200,2.78E-08,10,1,3,dp,2,10,16,52127,51929,44701,2,11,2,240,0.125,14954.44,7200,1,86400,22040.04859,2,11,2,250,0.125,14957.41,6685.714286,1,86400,22433.50156,0,0,-514.2857143,1,1,0,2,10,2,220,0.125,17730,7920,1,86400,22281.108,1808.726457
oa_het_93,30,10,2,1,21600,2.78E-05,10,4,3,dp,2,10,15577,95035,88044,153497,3301,13117,3301,496910,0.211915003,20063.64,3305.443312,1,86400,9743.621006,3558,12795,3558,535200,0.228413687,19936.95,3221.931093,1,86400,10565.54309,0.016498684,257,-83.51221951,0.637012736,0.686607487,0.049594751,5182,14075,5182,801870,0.332669962,19720,3113.119838,1,86400,6654.201723,7497.127721
oa_het_1,30,10,2,5,21600,2.78E-06,10,1,3,dp,2,10,1560,103094,102502,139653,384,1303,384,53180,0.246153846,14989.9,3155.14396,1,86400,10262.24305,471,1322,471,70050,0.301923077,14999.352,2985.180954,1,86400,9790.554909,0.055769231,87,-169.963006,0.67486819,0.827768014,0.152899824,569,1411,569,72040,0.36474359,15000,3233.507782,1,43110,6612.086926,4043.689777
oa_het_118,10,10,2,5,21600,2.78E-08,10,1,2,dp,2,10,21,22832,22686,19783,3,11,3,170,0.142857143,19420.204,6000,1,86400,33899.51108,3,11,3,170,0.142857143,19421.786,6000,1,86400,34422.9836,0,0,0,1,1,0,2,11,2,140,0.095238095,19420,6300,1,86400,34143.20764,763.9028687
oa_het_126,10,10,2,5,43200,2.78E-08,5,8,2,dp,2,10,7,14917,14530,12577,2,4,2,60,0.285714286,32288.59,14400,1,86400,33861.64376,2,4,2,60,0.285714286,32290,14400,1,86400,34231.36514,0,0,0,1,1,0,2,4,2,60,0.285714286,32290,14400,1,86400,34145.17652,312.5538795
oa_het_129,60,10,2,5,3600,2.78E-05,1,1,4,dp,2,10,1579,44255,39749,59433,45,844,45,43940,0.02849905,1639.9,252.0174323,1,10544.044,1845.761202,70,844,70,49360,0.044331856,1842.366,227.2158663,1,11242.252,2027.599991,0.015832806,25,-24.80156598,0.584415584,0.909090909,0.324675325,77,868,77,61280,0.048765041,580,177.2352702,1,10530,1760.024175,920.4254277
oa_het_142,30,10,2,5,43200,2.78E-07,1,8,3,dp,2,10,18,16765,16138,16502,15,18,15,1800,0.833333333,27439.226,5743.682843,1,86400,7267.253763,15,18,15,1850,0.833333333,27439.372,5786.498174,1,86400,7496.323341,0,0,42.81533101,1,1,0,15,18,15,1880,0.833333333,27440,5666.498174,1,86400,7475.735491,232.3503172
oa_het_143,10,10,2,5,3600,2.78E-06,10,8,2,dp,2,10,1538,31007,31392,26399,53,147,53,2760,0.034460338,3368.188,979.7931591,1,86400,34400.42374,54,149,54,2910,0.035110533,3367.914,959.512987,1,86400,34709.04109,0.000650195,1,-20.2801721,1,1,0.020833333,48,148,48,2510,0.031209363,3370,1003.668831,1,86400,34729.08651,1079.811157
oa_het_149,60,10,2,5,21600,2.78E-05,10,8,4,dp,2,10,15701,296808,263417,621607,6030,14771,6030,1595380,0.384051971,21077.364,1989.176735,1,86400,3385.014728,6679,14780,6679,1799390,0.425386918,21138.982,1898.379499,1,86400,3323.041624,0.041334947,649,-90.79723569,0.747860598,0.82835173,0.080491132,8063,14988,8063,3340300,0.51353417,21090,1480.883477,1,86400,2279.521358,28875.61355
oa_het_175,10,10,2,5,43200,2.78E-07,10,1,4,dp,2,10,146,92821,92289,79446,43,131,43,9650,0.294520548,32409.652,3779.977558,1,86400,11177.08865,46,130,46,10050,0.315068493,32410.284,3932.223463,1,86400,11248.36252,0.020547945,3,152.2459053,1,1,0.069767442,43,134,43,7850,0.294520548,32410,4413.338223,1,64650,11017.30048,3297.793311
oa_het_18,30,10,2,5,21600,2.78E-06,1,8,4,dp,2,10,154,27199,26268,30183,68,147,68,19410,0.441558442,10576.716,2837.002749,1,86400,4023.531906,59,147,59,19260,0.383116883,10570.172,2707.046127,1,86400,4169.813734,-0.058441559,-9,-129.956622,0.985507246,0.855072464,-0.130434783,69,147,69,20070,0.448051948,10570,2793.653786,1,86400,3984.237204,507.8254495
oa_het_180,30,10,2,5,43200,2.78E-05,5,1,3,dp,2,10,7798,55307,53704,69500,4499,6970,4499,496100,0.576942806,35429.808,5948.16966,1,86400,8455.496584,4494,6965,4494,513730,0.576301616,35429.808,5955.982876,1,86400,8467.274085,-0.00064119,-5,7.813215639,0.851921984,0.850975194,-0.00094679,5281,7128,5281,620400,0.677224929,35430,6001.586523,1,43110,6621.7381,2169.859644
oa_het_181,60,10,2,5,43200,2.78E-05,5,1,2,dp,2,10,7807,38415,34576,71170,5724,6693,5724,344880,0.733188164,43149.72,8290.318344,1,86400,10175.85474,5629,6625,5629,351300,0.721019598,43134.566,8310.865629,1,86400,11234.67242,-0.012168567,-95,20.54728473,0.826331745,0.812617295,-0.013714451,6927,7007,6927,644400,0.887280646,43150,7284.773045,1,22390,6596.852969,1772.839225
oa_het_19,60,10,2,5,43200,2.78E-05,1,4,2,dp,2,10,1565,12295,11057,15718,1373,1392,1373,112600,0.877316294,43078.182,7457.22702,1,22403.208,6804.44232,1318,1393,1318,108400,0.842172524,43076.864,7700.409984,1,65708.79,7500.109589,-0.03514377,-55,243.182964,0.992052023,0.952312139,-0.039739884,1384,1399,1384,143530,0.884345048,43080,7262.930422,1,22390,6598.728195,180.3678815
oa_het_24,60,10,2,5,3600,2.78E-06,10,4,4,dp,2,10,1543,277945,252928,625004,6,779,6,26650,0.003888529,1688.986,293.4110008,1,86400,3413.08744,60,793,60,42730,0.038885288,2310.454,219.8289081,1,86400,3126.994188,0.034996759,54,-73.5820927,0.076923077,0.769230769,0.692307692,78,886,78,62740,0.050550875,2370,153.6435893,1,86400,1826.446876,17244.03972
oa_het_3,10,10,2,5,3600,2.78E-07,5,8,4,dp,2,10,71,58322,57998,53094,1,17,1,690,0.014084507,290.816,116.1290323,1,86400,11550.02459,1,17,1,690,0.014084507,291.298,116.1290323,1,86400,11655.42945,0,0,0,1,1,0,1,16,1,570,0.014084507,290,180,1,86400,11669.96809,1448.068268
oa_het_38,60,10,2,5,21600,2.78E-08,5,4,3,dp,2,10,10,95333,85039,169357,3,10,3,600,0.3,11145.404,1914.545455,1,86400,4443.579375,4,10,4,1200,0.4,11209.586,1092.623377,1,86400,4624.162528,0.1,1,-821.922078,0.6,0.8,0.2,5,10,5,1390,0.5,11130,1002.679803,1,86400,3165.549548,3052.202277
oa_het_84,60,10,2,5,21600,2.78E-07,1,1,3,dp,2,10,17,23992,21426,32968,6,17,6,970,0.352941176,13745.326,2375.624376,1,14063.112,3260.081978,6,17,6,1420,0.352941176,13711.5,1634.769231,1,42263.948,3631.195834,0,0,-740.8551449,0.857142857,0.857142857,0,7,17,7,1620,0.411764706,13760,1782.679709,1,14060,3097.495664,370.1265299
